ivfflat_probes,iterative_scan,ivfflat_max_probes,ann_limit,fts_limit,final_limit,exact_baseline_queries,ann_recall_at_5,ann_recall_at_10,ann_recall_at_20,latency_p50_ms,latency_p95_ms,latency_p99_ms,result_count_after_filters,status_distribution,index_used_normal_planner,index_used_forced
10,off,60,50,30,10,5,0.24,0.2,0.17,9.403,9.941,9.941,50,"{""active"": 29, ""repealed"": 10, ""unknown"": 11}",False,True
10,off,60,50,30,15,5,0.24,0.2,0.17,9.286,9.333,9.333,75,"{""active"": 38, ""repealed"": 18, ""unknown"": 19}",False,True
10,off,60,50,30,20,5,0.24,0.2,0.17,9.188,9.667,9.667,100,"{""active"": 42, ""repealed"": 29, ""unknown"": 29}",False,True
10,off,60,50,50,10,5,0.24,0.2,0.17,9.438,9.491,9.491,50,"{""active"": 29, ""repealed"": 10, ""unknown"": 11}",False,True
10,off,60,50,50,15,5,0.24,0.2,0.17,8.813,9.136,9.136,75,"{""active"": 38, ""repealed"": 18, ""unknown"": 19}",False,True
10,off,60,50,50,20,5,0.24,0.2,0.17,8.867,9.044,9.044,100,"{""active"": 42, ""repealed"": 29, ""unknown"": 29}",False,True
10,off,60,50,75,10,5,0.24,0.2,0.17,8.748,8.936,8.936,50,"{""active"": 29, ""repealed"": 10, ""unknown"": 11}",False,True
10,off,60,50,75,15,5,0.24,0.2,0.17,8.871,9.188,9.188,75,"{""active"": 38, ""repealed"": 18, ""unknown"": 19}",False,True
10,off,60,50,75,20,5,0.24,0.2,0.17,8.727,9.189,9.189,100,"{""active"": 42, ""repealed"": 29, ""unknown"": 29}",False,True
10,off,60,50,100,10,5,0.24,0.2,0.17,8.674,8.879,8.879,50,"{""active"": 29, ""repealed"": 10, ""unknown"": 11}",False,True
10,off,60,50,100,15,5,0.24,0.2,0.17,9.224,11.612,11.612,75,"{""active"": 38, ""repealed"": 18, ""unknown"": 19}",False,True
10,off,60,50,100,20,5,0.24,0.2,0.17,8.953,9.0,9.0,100,"{""active"": 42, ""repealed"": 29, ""unknown"": 29}",False,True
10,off,60,75,30,10,5,0.24,0.2,0.17,9.228,9.538,9.538,50,"{""active"": 29, ""repealed"": 10, ""unknown"": 11}",False,True
10,off,60,75,30,15,5,0.24,0.2,0.17,9.378,9.556,9.556,75,"{""active"": 38, ""repealed"": 18, ""unknown"": 19}",False,True
10,off,60,75,30,20,5,0.24,0.2,0.17,9.545,9.626,9.626,100,"{""active"": 42, ""repealed"": 29, ""unknown"": 29}",False,True
10,off,60,75,50,10,5,0.24,0.2,0.17,9.144,9.549,9.549,50,"{""active"": 29, ""repealed"": 10, ""unknown"": 11}",False,True
10,off,60,75,50,15,5,0.24,0.2,0.17,9.627,9.951,9.951,75,"{""active"": 38, ""repealed"": 18, ""unknown"": 19}",False,True
10,off,60,75,50,20,5,0.24,0.2,0.17,9.66,11.11,11.11,100,"{""active"": 42, ""repealed"": 29, ""unknown"": 29}",False,True
10,off,60,75,75,10,5,0.24,0.2,0.17,9.117,9.182,9.182,50,"{""active"": 29, ""repealed"": 10, ""unknown"": 11}",False,True
10,off,60,75,75,15,5,0.24,0.2,0.17,9.159,9.274,9.274,75,"{""active"": 38, ""repealed"": 18, ""unknown"": 19}",False,True
10,off,60,75,75,20,5,0.24,0.2,0.17,8.953,9.376,9.376,100,"{""active"": 42, ""repealed"": 29, ""unknown"": 29}",False,True
10,off,60,75,100,10,5,0.24,0.2,0.17,8.955,9.669,9.669,50,"{""active"": 29, ""repealed"": 10, ""unknown"": 11}",False,True
10,off,60,75,100,15,5,0.24,0.2,0.17,9.122,9.385,9.385,75,"{""active"": 38, ""repealed"": 18, ""unknown"": 19}",False,True
10,off,60,75,100,20,5,0.24,0.2,0.17,9.106,9.245,9.245,100,"{""active"": 42, ""repealed"": 29, ""unknown"": 29}",False,True
10,off,60,100,30,10,5,0.24,0.2,0.17,9.262,9.605,9.605,50,"{""active"": 29, ""repealed"": 10, ""unknown"": 11}",False,True
10,off,60,100,30,15,5,0.24,0.2,0.17,9.065,9.339,9.339,75,"{""active"": 38, ""repealed"": 18, ""unknown"": 19}",False,True
10,off,60,100,30,20,5,0.24,0.2,0.17,9.182,9.336,9.336,100,"{""active"": 42, ""repealed"": 29, ""unknown"": 29}",False,True
10,off,60,100,50,10,5,0.24,0.2,0.17,9.339,9.59,9.59,50,"{""active"": 29, ""repealed"": 10, ""unknown"": 11}",False,True
10,off,60,100,50,15,5,0.24,0.2,0.17,9.228,9.615,9.615,75,"{""active"": 38, ""repealed"": 18, ""unknown"": 19}",False,True
10,off,60,100,50,20,5,0.24,0.2,0.17,9.567,11.522,11.522,100,"{""active"": 42, ""repealed"": 29, ""unknown"": 29}",False,True
10,off,60,100,75,10,5,0.24,0.2,0.17,9.281,9.435,9.435,50,"{""active"": 29, ""repealed"": 10, ""unknown"": 11}",False,True
10,off,60,100,75,15,5,0.24,0.2,0.17,9.291,9.472,9.472,75,"{""active"": 38, ""repealed"": 18, ""unknown"": 19}",False,True
10,off,60,100,75,20,5,0.24,0.2,0.17,9.219,11.789,11.789,100,"{""active"": 42, ""repealed"": 29, ""unknown"": 29}",False,True
10,off,60,100,100,10,5,0.24,0.2,0.17,8.886,9.311,9.311,50,"{""active"": 29, ""repealed"": 10, ""unknown"": 11}",False,True
10,off,60,100,100,15,5,0.24,0.2,0.17,9.213,9.386,9.386,75,"{""active"": 38, ""repealed"": 18, ""unknown"": 19}",False,True
10,off,60,100,100,20,5,0.24,0.2,0.17,9.557,9.881,9.881,100,"{""active"": 42, ""repealed"": 29, ""unknown"": 29}",False,True
10,off,60,150,30,10,5,0.24,0.2,0.17,9.352,9.565,9.565,50,"{""active"": 29, ""repealed"": 10, ""unknown"": 11}",False,True
10,off,60,150,30,15,5,0.24,0.2,0.17,9.176,9.255,9.255,75,"{""active"": 38, ""repealed"": 18, ""unknown"": 19}",False,True
10,off,60,150,30,20,5,0.24,0.2,0.17,9.171,9.31,9.31,100,"{""active"": 42, ""repealed"": 29, ""unknown"": 29}",False,True
10,off,60,150,50,10,5,0.24,0.2,0.17,9.063,9.713,9.713,50,"{""active"": 29, ""repealed"": 10, ""unknown"": 11}",False,True
10,off,60,150,50,15,5,0.24,0.2,0.17,8.93,9.156,9.156,75,"{""active"": 38, ""repealed"": 18, ""unknown"": 19}",False,True
10,off,60,150,50,20,5,0.24,0.2,0.17,8.976,9.578,9.578,100,"{""active"": 42, ""repealed"": 29, ""unknown"": 29}",False,True
10,off,60,150,75,10,5,0.24,0.2,0.17,8.847,9.294,9.294,50,"{""active"": 29, ""repealed"": 10, ""unknown"": 11}",False,True
10,off,60,150,75,15,5,0.24,0.2,0.17,9.429,9.65,9.65,75,"{""active"": 38, ""repealed"": 18, ""unknown"": 19}",False,True
10,off,60,150,75,20,5,0.24,0.2,0.17,9.097,9.443,9.443,100,"{""active"": 42, ""repealed"": 29, ""unknown"": 29}",False,True
10,off,60,150,100,10,5,0.24,0.2,0.17,9.163,9.236,9.236,50,"{""active"": 29, ""repealed"": 10, ""unknown"": 11}",False,True
10,off,60,150,100,15,5,0.24,0.2,0.17,8.968,9.472,9.472,75,"{""active"": 38, ""repealed"": 18, ""unknown"": 19}",False,True
10,off,60,150,100,20,5,0.24,0.2,0.17,9.117,9.26,9.26,100,"{""active"": 42, ""repealed"": 29, ""unknown"": 29}",False,True
10,off,60,200,30,10,5,0.24,0.2,0.17,8.979,9.604,9.604,50,"{""active"": 29, ""repealed"": 10, ""unknown"": 11}",False,True
10,off,60,200,30,15,5,0.24,0.2,0.17,9.043,9.282,9.282,75,"{""active"": 38, ""repealed"": 18, ""unknown"": 19}",False,True
10,off,60,200,30,20,5,0.24,0.2,0.17,9.041,9.441,9.441,100,"{""active"": 42, ""repealed"": 29, ""unknown"": 29}",False,True
10,off,60,200,50,10,5,0.24,0.2,0.17,9.254,9.808,9.808,50,"{""active"": 29, ""repealed"": 10, ""unknown"": 11}",False,True
10,off,60,200,50,15,5,0.24,0.2,0.17,9.114,9.32,9.32,75,"{""active"": 38, ""repealed"": 18, ""unknown"": 19}",False,True
10,off,60,200,50,20,5,0.24,0.2,0.17,9.214,10.599,10.599,100,"{""active"": 42, ""repealed"": 29, ""unknown"": 29}",False,True
10,off,60,200,75,10,5,0.24,0.2,0.17,9.621,9.975,9.975,50,"{""active"": 29, ""repealed"": 10, ""unknown"": 11}",False,True
10,off,60,200,75,15,5,0.24,0.2,0.17,9.149,9.294,9.294,75,"{""active"": 38, ""repealed"": 18, ""unknown"": 19}",False,True
10,off,60,200,75,20,5,0.24,0.2,0.17,9.486,9.809,9.809,100,"{""active"": 42, ""repealed"": 29, ""unknown"": 29}",False,True
10,off,60,200,100,10,5,0.24,0.2,0.17,9.1,9.64,9.64,50,"{""active"": 29, ""repealed"": 10, ""unknown"": 11}",False,True
10,off,60,200,100,15,5,0.24,0.2,0.17,9.015,9.34,9.34,75,"{""active"": 38, ""repealed"": 18, ""unknown"": 19}",False,True
10,off,60,200,100,20,5,0.24,0.2,0.17,9.562,9.692,9.692,100,"{""active"": 42, ""repealed"": 29, ""unknown"": 29}",False,True
10,off,120,50,30,10,5,0.24,0.2,0.17,9.32,9.524,9.524,50,"{""active"": 29, ""repealed"": 10, ""unknown"": 11}",False,True
10,off,120,50,30,15,5,0.24,0.2,0.17,9.153,9.25,9.25,75,"{""active"": 38, ""repealed"": 18, ""unknown"": 19}",False,True
10,off,120,50,30,20,5,0.24,0.2,0.17,9.478,9.855,9.855,100,"{""active"": 42, ""repealed"": 29, ""unknown"": 29}",False,True
10,off,120,50,50,10,5,0.24,0.2,0.17,8.929,9.196,9.196,50,"{""active"": 29, ""repealed"": 10, ""unknown"": 11}",False,True
10,off,120,50,50,15,5,0.24,0.2,0.17,8.785,9.102,9.102,75,"{""active"": 38, ""repealed"": 18, ""unknown"": 19}",False,True
10,off,120,50,50,20,5,0.24,0.2,0.17,8.969,9.212,9.212,100,"{""active"": 42, ""repealed"": 29, ""unknown"": 29}",False,True
10,off,120,50,75,10,5,0.24,0.2,0.17,8.995,9.362,9.362,50,"{""active"": 29, ""repealed"": 10, ""unknown"": 11}",False,True
10,off,120,50,75,15,5,0.24,0.2,0.17,9.173,9.424,9.424,75,"{""active"": 38, ""repealed"": 18, ""unknown"": 19}",False,True
10,off,120,50,75,20,5,0.24,0.2,0.17,9.496,15.849,15.849,100,"{""active"": 42, ""repealed"": 29, ""unknown"": 29}",False,True
10,off,120,50,100,10,5,0.24,0.2,0.17,8.925,9.221,9.221,50,"{""active"": 29, ""repealed"": 10, ""unknown"": 11}",False,True
10,off,120,50,100,15,5,0.24,0.2,0.17,8.955,9.125,9.125,75,"{""active"": 38, ""repealed"": 18, ""unknown"": 19}",False,True
10,off,120,50,100,20,5,0.24,0.2,0.17,9.261,9.32,9.32,100,"{""active"": 42, ""repealed"": 29, ""unknown"": 29}",False,True
10,off,120,75,30,10,5,0.24,0.2,0.17,9.055,9.207,9.207,50,"{""active"": 29, ""repealed"": 10, ""unknown"": 11}",False,True
10,off,120,75,30,15,5,0.24,0.2,0.17,9.165,9.506,9.506,75,"{""active"": 38, ""repealed"": 18, ""unknown"": 19}",False,True
10,off,120,75,30,20,5,0.24,0.2,0.17,8.876,10.374,10.374,100,"{""active"": 42, ""repealed"": 29, ""unknown"": 29}",False,True
10,off,120,75,50,10,5,0.24,0.2,0.17,8.878,9.097,9.097,50,"{""active"": 29, ""repealed"": 10, ""unknown"": 11}",False,True
10,off,120,75,50,15,5,0.24,0.2,0.17,8.981,9.283,9.283,75,"{""active"": 38, ""repealed"": 18, ""unknown"": 19}",False,True
10,off,120,75,50,20,5,0.24,0.2,0.17,8.747,9.356,9.356,100,"{""active"": 42, ""repealed"": 29, ""unknown"": 29}",False,True
10,off,120,75,75,10,5,0.24,0.2,0.17,9.004,9.111,9.111,50,"{""active"": 29, ""repealed"": 10, ""unknown"": 11}",False,True
10,off,120,75,75,15,5,0.24,0.2,0.17,8.747,8.949,8.949,75,"{""active"": 38, ""repealed"": 18, ""unknown"": 19}",False,True
10,off,120,75,75,20,5,0.24,0.2,0.17,8.888,9.391,9.391,100,"{""active"": 42, ""repealed"": 29, ""unknown"": 29}",False,True
10,off,120,75,100,10,5,0.24,0.2,0.17,8.765,9.026,9.026,50,"{""active"": 29, ""repealed"": 10, ""unknown"": 11}",False,True
10,off,120,75,100,15,5,0.24,0.2,0.17,9.477,9.769,9.769,75,"{""active"": 38, ""repealed"": 18, ""unknown"": 19}",False,True
10,off,120,75,100,20,5,0.24,0.2,0.17,9.188,9.883,9.883,100,"{""active"": 42, ""repealed"": 29, ""unknown"": 29}",False,True
10,off,120,100,30,10,5,0.24,0.2,0.17,8.501,9.199,9.199,50,"{""active"": 29, ""repealed"": 10, ""unknown"": 11}",False,True
10,off,120,100,30,15,5,0.24,0.2,0.17,8.708,8.864,8.864,75,"{""active"": 38, ""repealed"": 18, ""unknown"": 19}",False,True
10,off,120,100,30,20,5,0.24,0.2,0.17,8.936,9.045,9.045,100,"{""active"": 42, ""repealed"": 29, ""unknown"": 29}",False,True
10,off,120,100,50,10,5,0.24,0.2,0.17,8.76,9.311,9.311,50,"{""active"": 29, ""repealed"": 10, ""unknown"": 11}",False,True
10,off,120,100,50,15,5,0.24,0.2,0.17,8.692,9.448,9.448,75,"{""active"": 38, ""repealed"": 18, ""unknown"": 19}",False,True
10,off,120,100,50,20,5,0.24,0.2,0.17,8.904,9.106,9.106,100,"{""active"": 42, ""repealed"": 29, ""unknown"": 29}",False,True
10,off,120,100,75,10,5,0.24,0.2,0.17,8.642,8.975,8.975,50,"{""active"": 29, ""repealed"": 10, ""unknown"": 11}",False,True
10,off,120,100,75,15,5,0.24,0.2,0.17,8.45,8.684,8.684,75,"{""active"": 38, ""repealed"": 18, ""unknown"": 19}",False,True
10,off,120,100,75,20,5,0.24,0.2,0.17,8.725,9.006,9.006,100,"{""active"": 42, ""repealed"": 29, ""unknown"": 29}",False,True
10,off,120,100,100,10,5,0.24,0.2,0.17,8.818,9.106,9.106,50,"{""active"": 29, ""repealed"": 10, ""unknown"": 11}",False,True
10,off,120,100,100,15,5,0.24,0.2,0.17,8.921,9.05,9.05,75,"{""active"": 38, ""repealed"": 18, ""unknown"": 19}",False,True
10,off,120,100,100,20,5,0.24,0.2,0.17,8.905,9.2,9.2,100,"{""active"": 42, ""repealed"": 29, ""unknown"": 29}",False,True
10,off,120,150,30,10,5,0.24,0.2,0.17,8.885,9.278,9.278,50,"{""active"": 29, ""repealed"": 10, ""unknown"": 11}",False,True
10,off,120,150,30,15,5,0.24,0.2,0.17,9.15,10.187,10.187,75,"{""active"": 38, ""repealed"": 18, ""unknown"": 19}",False,True
10,off,120,150,30,20,5,0.24,0.2,0.17,9.008,9.406,9.406,100,"{""active"": 42, ""repealed"": 29, ""unknown"": 29}",False,True
10,off,120,150,50,10,5,0.24,0.2,0.17,8.971,9.073,9.073,50,"{""active"": 29, ""repealed"": 10, ""unknown"": 11}",False,True
10,off,120,150,50,15,5,0.24,0.2,0.17,8.818,8.993,8.993,75,"{""active"": 38, ""repealed"": 18, ""unknown"": 19}",False,True
10,off,120,150,50,20,5,0.24,0.2,0.17,9.038,9.164,9.164,100,"{""active"": 42, ""repealed"": 29, ""unknown"": 29}",False,True
10,off,120,150,75,10,5,0.24,0.2,0.17,9.352,9.707,9.707,50,"{""active"": 29, ""repealed"": 10, ""unknown"": 11}",False,True
10,off,120,150,75,15,5,0.24,0.2,0.17,9.024,9.32,9.32,75,"{""active"": 38, ""repealed"": 18, ""unknown"": 19}",False,True
10,off,120,150,75,20,5,0.24,0.2,0.17,8.855,9.295,9.295,100,"{""active"": 42, ""repealed"": 29, ""unknown"": 29}",False,True
10,off,120,150,100,10,5,0.24,0.2,0.17,9.205,10.355,10.355,50,"{""active"": 29, ""repealed"": 10, ""unknown"": 11}",False,True
10,off,120,150,100,15,5,0.24,0.2,0.17,9.146,9.164,9.164,75,"{""active"": 38, ""repealed"": 18, ""unknown"": 19}",False,True
10,off,120,150,100,20,5,0.24,0.2,0.17,9.345,9.651,9.651,100,"{""active"": 42, ""repealed"": 29, ""unknown"": 29}",False,True
10,off,120,200,30,10,5,0.24,0.2,0.17,9.042,9.476,9.476,50,"{""active"": 29, ""repealed"": 10, ""unknown"": 11}",False,True
10,off,120,200,30,15,5,0.24,0.2,0.17,9.007,9.468,9.468,75,"{""active"": 38, ""repealed"": 18, ""unknown"": 19}",False,True
10,off,120,200,30,20,5,0.24,0.2,0.17,8.905,9.14,9.14,100,"{""active"": 42, ""repealed"": 29, ""unknown"": 29}",False,True
10,off,120,200,50,10,5,0.24,0.2,0.17,8.978,9.139,9.139,50,"{""active"": 29, ""repealed"": 10, ""unknown"": 11}",False,True
10,off,120,200,50,15,5,0.24,0.2,0.17,9.255,9.551,9.551,75,"{""active"": 38, ""repealed"": 18, ""unknown"": 19}",False,True
10,off,120,200,50,20,5,0.24,0.2,0.17,9.113,9.71,9.71,100,"{""active"": 42, ""repealed"": 29, ""unknown"": 29}",False,True
10,off,120,200,75,10,5,0.24,0.2,0.17,8.799,9.396,9.396,50,"{""active"": 29, ""repealed"": 10, ""unknown"": 11}",False,True
10,off,120,200,75,15,5,0.24,0.2,0.17,8.643,9.227,9.227,75,"{""active"": 38, ""repealed"": 18, ""unknown"": 19}",False,True
10,off,120,200,75,20,5,0.24,0.2,0.17,8.672,8.899,8.899,100,"{""active"": 42, ""repealed"": 29, ""unknown"": 29}",False,True
10,off,120,200,100,10,5,0.24,0.2,0.17,8.562,9.207,9.207,50,"{""active"": 29, ""repealed"": 10, ""unknown"": 11}",False,True
10,off,120,200,100,15,5,0.24,0.2,0.17,8.846,8.936,8.936,75,"{""active"": 38, ""repealed"": 18, ""unknown"": 19}",False,True
10,off,120,200,100,20,5,0.24,0.2,0.17,8.984,10.924,10.924,100,"{""active"": 42, ""repealed"": 29, ""unknown"": 29}",False,True
10,relaxed_order,60,50,30,10,5,0.32,0.46,0.44,9.098,9.57,9.57,50,"{""active"": 29, ""repealed"": 10, ""unknown"": 11}",False,True
10,relaxed_order,60,50,30,15,5,0.32,0.46,0.44,8.978,9.044,9.044,75,"{""active"": 38, ""repealed"": 18, ""unknown"": 19}",False,True
10,relaxed_order,60,50,30,20,5,0.32,0.46,0.44,8.949,9.297,9.297,100,"{""active"": 42, ""repealed"": 29, ""unknown"": 29}",False,True
10,relaxed_order,60,50,50,10,5,0.32,0.46,0.44,9.112,9.482,9.482,50,"{""active"": 29, ""repealed"": 10, ""unknown"": 11}",False,True
10,relaxed_order,60,50,50,15,5,0.32,0.46,0.44,9.164,9.294,9.294,75,"{""active"": 38, ""repealed"": 18, ""unknown"": 19}",False,True
10,relaxed_order,60,50,50,20,5,0.32,0.46,0.44,9.007,9.259,9.259,100,"{""active"": 42, ""repealed"": 29, ""unknown"": 29}",False,True
10,relaxed_order,60,50,75,10,5,0.32,0.46,0.44,8.854,9.52,9.52,50,"{""active"": 29, ""repealed"": 10, ""unknown"": 11}",False,True
10,relaxed_order,60,50,75,15,5,0.32,0.46,0.44,8.903,9.542,9.542,75,"{""active"": 38, ""repealed"": 18, ""unknown"": 19}",False,True
10,relaxed_order,60,50,75,20,5,0.32,0.46,0.44,8.944,9.003,9.003,100,"{""active"": 42, ""repealed"": 29, ""unknown"": 29}",False,True
10,relaxed_order,60,50,100,10,5,0.32,0.46,0.44,8.602,9.462,9.462,50,"{""active"": 29, ""repealed"": 10, ""unknown"": 11}",False,True
10,relaxed_order,60,50,100,15,5,0.32,0.46,0.44,9.316,9.525,9.525,75,"{""active"": 38, ""repealed"": 18, ""unknown"": 19}",False,True
10,relaxed_order,60,50,100,20,5,0.32,0.46,0.44,8.951,9.245,9.245,100,"{""active"": 42, ""repealed"": 29, ""unknown"": 29}",False,True
10,relaxed_order,60,75,30,10,5,0.32,0.46,0.44,8.383,8.831,8.831,50,"{""active"": 29, ""repealed"": 10, ""unknown"": 11}",False,True
10,relaxed_order,60,75,30,15,5,0.32,0.46,0.44,8.853,9.172,9.172,75,"{""active"": 38, ""repealed"": 18, ""unknown"": 19}",False,True
10,relaxed_order,60,75,30,20,5,0.32,0.46,0.44,9.254,9.414,9.414,100,"{""active"": 42, ""repealed"": 29, ""unknown"": 29}",False,True
10,relaxed_order,60,75,50,10,5,0.32,0.46,0.44,8.495,8.626,8.626,50,"{""active"": 29, ""repealed"": 10, ""unknown"": 11}",False,True
10,relaxed_order,60,75,50,15,5,0.32,0.46,0.44,8.705,8.924,8.924,75,"{""active"": 38, ""repealed"": 18, ""unknown"": 19}",False,True
10,relaxed_order,60,75,50,20,5,0.32,0.46,0.44,8.968,9.421,9.421,100,"{""active"": 42, ""repealed"": 29, ""unknown"": 29}",False,True
10,relaxed_order,60,75,75,10,5,0.32,0.46,0.44,8.724,9.243,9.243,50,"{""active"": 29, ""repealed"": 10, ""unknown"": 11}",False,True
10,relaxed_order,60,75,75,15,5,0.32,0.46,0.44,8.644,8.842,8.842,75,"{""active"": 38, ""repealed"": 18, ""unknown"": 19}",False,True
10,relaxed_order,60,75,75,20,5,0.32,0.46,0.44,9.07,9.502,9.502,100,"{""active"": 42, ""repealed"": 29, ""unknown"": 29}",False,True
10,relaxed_order,60,75,100,10,5,0.32,0.46,0.44,8.489,9.381,9.381,50,"{""active"": 29, ""repealed"": 10, ""unknown"": 11}",False,True
10,relaxed_order,60,75,100,15,5,0.32,0.46,0.44,8.917,9.568,9.568,75,"{""active"": 38, ""repealed"": 18, ""unknown"": 19}",False,True
10,relaxed_order,60,75,100,20,5,0.32,0.46,0.44,9.469,9.511,9.511,100,"{""active"": 42, ""repealed"": 29, ""unknown"": 29}",False,True
10,relaxed_order,60,100,30,10,5,0.32,0.46,0.44,8.967,9.206,9.206,50,"{""active"": 29, ""repealed"": 10, ""unknown"": 11}",False,True
10,relaxed_order,60,100,30,15,5,0.32,0.46,0.44,9.26,9.468,9.468,75,"{""active"": 38, ""repealed"": 18, ""unknown"": 19}",False,True
10,relaxed_order,60,100,30,20,5,0.32,0.46,0.44,8.983,9.304,9.304,100,"{""active"": 42, ""repealed"": 29, ""unknown"": 29}",False,True
10,relaxed_order,60,100,50,10,5,0.32,0.46,0.44,8.995,9.325,9.325,50,"{""active"": 29, ""repealed"": 10, ""unknown"": 11}",False,True
10,relaxed_order,60,100,50,15,5,0.32,0.46,0.44,9.219,10.979,10.979,75,"{""active"": 38, ""repealed"": 18, ""unknown"": 19}",False,True
10,relaxed_order,60,100,50,20,5,0.32,0.46,0.44,9.063,9.241,9.241,100,"{""active"": 42, ""repealed"": 29, ""unknown"": 29}",False,True
10,relaxed_order,60,100,75,10,5,0.32,0.46,0.44,8.819,9.379,9.379,50,"{""active"": 29, ""repealed"": 10, ""unknown"": 11}",False,True
10,relaxed_order,60,100,75,15,5,0.32,0.46,0.44,8.779,9.016,9.016,75,"{""active"": 38, ""repealed"": 18, ""unknown"": 19}",False,True
10,relaxed_order,60,100,75,20,5,0.32,0.46,0.44,9.101,9.716,9.716,100,"{""active"": 42, ""repealed"": 29, ""unknown"": 29}",False,True
10,relaxed_order,60,100,100,10,5,0.32,0.46,0.44,8.839,9.601,9.601,50,"{""active"": 29, ""repealed"": 10, ""unknown"": 11}",False,True
10,relaxed_order,60,100,100,15,5,0.32,0.46,0.44,9.466,9.922,9.922,75,"{""active"": 38, ""repealed"": 18, ""unknown"": 19}",False,True
10,relaxed_order,60,100,100,20,5,0.32,0.46,0.44,9.191,9.305,9.305,100,"{""active"": 42, ""repealed"": 29, ""unknown"": 29}",False,True
10,relaxed_order,60,150,30,10,5,0.32,0.46,0.44,9.05,9.313,9.313,50,"{""active"": 29, ""repealed"": 10, ""unknown"": 11}",False,True
10,relaxed_order,60,150,30,15,5,0.32,0.46,0.44,8.863,9.079,9.079,75,"{""active"": 38, ""repealed"": 18, ""unknown"": 19}",False,True
10,relaxed_order,60,150,30,20,5,0.32,0.46,0.44,8.994,9.103,9.103,100,"{""active"": 42, ""repealed"": 29, ""unknown"": 29}",False,True
10,relaxed_order,60,150,50,10,5,0.32,0.46,0.44,9.095,9.329,9.329,50,"{""active"": 29, ""repealed"": 10, ""unknown"": 11}",False,True
10,relaxed_order,60,150,50,15,5,0.32,0.46,0.44,8.976,9.134,9.134,75,"{""active"": 38, ""repealed"": 18, ""unknown"": 19}",False,True
10,relaxed_order,60,150,50,20,5,0.32,0.46,0.44,9.014,9.265,9.265,100,"{""active"": 42, ""repealed"": 29, ""unknown"": 29}",False,True
10,relaxed_order,60,150,75,10,5,0.32,0.46,0.44,9.199,9.886,9.886,50,"{""active"": 29, ""repealed"": 10, ""unknown"": 11}",False,True
10,relaxed_order,60,150,75,15,5,0.32,0.46,0.44,9.244,9.506,9.506,75,"{""active"": 38, ""repealed"": 18, ""unknown"": 19}",False,True
10,relaxed_order,60,150,75,20,5,0.32,0.46,0.44,9.202,9.312,9.312,100,"{""active"": 42, ""repealed"": 29, ""unknown"": 29}",False,True
10,relaxed_order,60,150,100,10,5,0.32,0.46,0.44,9.009,9.659,9.659,50,"{""active"": 29, ""repealed"": 10, ""unknown"": 11}",False,True
10,relaxed_order,60,150,100,15,5,0.32,0.46,0.44,9.342,9.638,9.638,75,"{""active"": 38, ""repealed"": 18, ""unknown"": 19}",False,True
10,relaxed_order,60,150,100,20,5,0.32,0.46,0.44,9.17,9.677,9.677,100,"{""active"": 42, ""repealed"": 29, ""unknown"": 29}",False,True
10,relaxed_order,60,200,30,10,5,0.32,0.46,0.44,9.078,9.267,9.267,50,"{""active"": 29, ""repealed"": 10, ""unknown"": 11}",False,True
10,relaxed_order,60,200,30,15,5,0.32,0.46,0.44,9.486,9.576,9.576,75,"{""active"": 38, ""repealed"": 18, ""unknown"": 19}",False,True
10,relaxed_order,60,200,30,20,5,0.32,0.46,0.44,9.214,9.687,9.687,100,"{""active"": 42, ""repealed"": 29, ""unknown"": 29}",False,True
10,relaxed_order,60,200,50,10,5,0.32,0.46,0.44,8.91,9.194,9.194,50,"{""active"": 29, ""repealed"": 10, ""unknown"": 11}",False,True
10,relaxed_order,60,200,50,15,5,0.32,0.46,0.44,8.955,9.074,9.074,75,"{""active"": 38, ""repealed"": 18, ""unknown"": 19}",False,True
10,relaxed_order,60,200,50,20,5,0.32,0.46,0.44,8.973,9.411,9.411,100,"{""active"": 42, ""repealed"": 29, ""unknown"": 29}",False,True
10,relaxed_order,60,200,75,10,5,0.32,0.46,0.44,8.859,9.066,9.066,50,"{""active"": 29, ""repealed"": 10, ""unknown"": 11}",False,True
10,relaxed_order,60,200,75,15,5,0.32,0.46,0.44,9.087,9.345,9.345,75,"{""active"": 38, ""repealed"": 18, ""unknown"": 19}",False,True
10,relaxed_order,60,200,75,20,5,0.32,0.46,0.44,9.399,9.566,9.566,100,"{""active"": 42, ""repealed"": 29, ""unknown"": 29}",False,True
10,relaxed_order,60,200,100,10,5,0.32,0.46,0.44,9.009,9.822,9.822,50,"{""active"": 29, ""repealed"": 10, ""unknown"": 11}",False,True
10,relaxed_order,60,200,100,15,5,0.32,0.46,0.44,9.377,9.564,9.564,75,"{""active"": 38, ""repealed"": 18, ""unknown"": 19}",False,True
10,relaxed_order,60,200,100,20,5,0.32,0.46,0.44,9.137,9.435,9.435,100,"{""active"": 42, ""repealed"": 29, ""unknown"": 29}",False,True
10,relaxed_order,120,50,30,10,5,0.32,0.46,0.62,9.302,9.472,9.472,50,"{""active"": 29, ""repealed"": 10, ""unknown"": 11}",False,True
10,relaxed_order,120,50,30,15,5,0.32,0.46,0.62,9.085,9.191,9.191,75,"{""active"": 38, ""repealed"": 18, ""unknown"": 19}",False,True
10,relaxed_order,120,50,30,20,5,0.32,0.46,0.62,8.869,9.245,9.245,100,"{""active"": 42, ""repealed"": 29, ""unknown"": 29}",False,True
10,relaxed_order,120,50,50,10,5,0.32,0.46,0.62,9.147,9.575,9.575,50,"{""active"": 29, ""repealed"": 10, ""unknown"": 11}",False,True
10,relaxed_order,120,50,50,15,5,0.32,0.46,0.62,8.933,9.403,9.403,75,"{""active"": 38, ""repealed"": 18, ""unknown"": 19}",False,True
10,relaxed_order,120,50,50,20,5,0.32,0.46,0.62,9.04,9.304,9.304,100,"{""active"": 42, ""repealed"": 29, ""unknown"": 29}",False,True
10,relaxed_order,120,50,75,10,5,0.32,0.46,0.62,8.887,9.054,9.054,50,"{""active"": 29, ""repealed"": 10, ""unknown"": 11}",False,True
10,relaxed_order,120,50,75,15,5,0.32,0.46,0.62,9.194,9.261,9.261,75,"{""active"": 38, ""repealed"": 18, ""unknown"": 19}",False,True
10,relaxed_order,120,50,75,20,5,0.32,0.46,0.62,9.123,9.603,9.603,100,"{""active"": 42, ""repealed"": 29, ""unknown"": 29}",False,True
10,relaxed_order,120,50,100,10,5,0.32,0.46,0.62,9.095,9.658,9.658,50,"{""active"": 29, ""repealed"": 10, ""unknown"": 11}",False,True
10,relaxed_order,120,50,100,15,5,0.32,0.46,0.62,9.121,9.729,9.729,75,"{""active"": 38, ""repealed"": 18, ""unknown"": 19}",False,True
10,relaxed_order,120,50,100,20,5,0.32,0.46,0.62,9.115,9.599,9.599,100,"{""active"": 42, ""repealed"": 29, ""unknown"": 29}",False,True
10,relaxed_order,120,75,30,10,5,0.32,0.46,0.62,8.822,9.048,9.048,50,"{""active"": 29, ""repealed"": 10, ""unknown"": 11}",False,True
10,relaxed_order,120,75,30,15,5,0.32,0.46,0.62,8.827,9.043,9.043,75,"{""active"": 38, ""repealed"": 18, ""unknown"": 19}",False,True
10,relaxed_order,120,75,30,20,5,0.32,0.46,0.62,8.997,9.155,9.155,100,"{""active"": 42, ""repealed"": 29, ""unknown"": 29}",False,True
10,relaxed_order,120,75,50,10,5,0.32,0.46,0.62,8.626,9.008,9.008,50,"{""active"": 29, ""repealed"": 10, ""unknown"": 11}",False,True
10,relaxed_order,120,75,50,15,5,0.32,0.46,0.62,8.893,9.495,9.495,75,"{""active"": 38, ""repealed"": 18, ""unknown"": 19}",False,True
10,relaxed_order,120,75,50,20,5,0.32,0.46,0.62,9.063,9.351,9.351,100,"{""active"": 42, ""repealed"": 29, ""unknown"": 29}",False,True
10,relaxed_order,120,75,75,10,5,0.32,0.46,0.62,8.959,9.321,9.321,50,"{""active"": 29, ""repealed"": 10, ""unknown"": 11}",False,True
10,relaxed_order,120,75,75,15,5,0.32,0.46,0.62,8.911,8.987,8.987,75,"{""active"": 38, ""repealed"": 18, ""unknown"": 19}",False,True
10,relaxed_order,120,75,75,20,5,0.32,0.46,0.62,8.848,9.202,9.202,100,"{""active"": 42, ""repealed"": 29, ""unknown"": 29}",False,True
10,relaxed_order,120,75,100,10,5,0.32,0.46,0.62,9.105,9.924,9.924,50,"{""active"": 29, ""repealed"": 10, ""unknown"": 11}",False,True
10,relaxed_order,120,75,100,15,5,0.32,0.46,0.62,9.251,11.213,11.213,75,"{""active"": 38, ""repealed"": 18, ""unknown"": 19}",False,True
10,relaxed_order,120,75,100,20,5,0.32,0.46,0.62,9.182,9.524,9.524,100,"{""active"": 42, ""repealed"": 29, ""unknown"": 29}",False,True
10,relaxed_order,120,100,30,10,5,0.32,0.46,0.62,9.121,9.419,9.419,50,"{""active"": 29, ""repealed"": 10, ""unknown"": 11}",False,True
10,relaxed_order,120,100,30,15,5,0.32,0.46,0.62,8.823,9.008,9.008,75,"{""active"": 38, ""repealed"": 18, ""unknown"": 19}",False,True
10,relaxed_order,120,100,30,20,5,0.32,0.46,0.62,8.94,9.052,9.052,100,"{""active"": 42, ""repealed"": 29, ""unknown"": 29}",False,True
10,relaxed_order,120,100,50,10,5,0.32,0.46,0.62,8.649,8.911,8.911,50,"{""active"": 29, ""repealed"": 10, ""unknown"": 11}",False,True
10,relaxed_order,120,100,50,15,5,0.32,0.46,0.62,9.091,9.499,9.499,75,"{""active"": 38, ""repealed"": 18, ""unknown"": 19}",False,True
10,relaxed_order,120,100,50,20,5,0.32,0.46,0.62,9.119,10.906,10.906,100,"{""active"": 42, ""repealed"": 29, ""unknown"": 29}",False,True
10,relaxed_order,120,100,75,10,5,0.32,0.46,0.62,9.413,9.567,9.567,50,"{""active"": 29, ""repealed"": 10, ""unknown"": 11}",False,True
10,relaxed_order,120,100,75,15,5,0.32,0.46,0.62,9.096,9.526,9.526,75,"{""active"": 38, ""repealed"": 18, ""unknown"": 19}",False,True
10,relaxed_order,120,100,75,20,5,0.32,0.46,0.62,9.171,9.386,9.386,100,"{""active"": 42, ""repealed"": 29, ""unknown"": 29}",False,True
10,relaxed_order,120,100,100,10,5,0.32,0.46,0.62,8.931,12.037,12.037,50,"{""active"": 29, ""repealed"": 10, ""unknown"": 11}",False,True
10,relaxed_order,120,100,100,15,5,0.32,0.46,0.62,9.006,9.504,9.504,75,"{""active"": 38, ""repealed"": 18, ""unknown"": 19}",False,True
10,relaxed_order,120,100,100,20,5,0.32,0.46,0.62,9.45,9.9,9.9,100,"{""active"": 42, ""repealed"": 29, ""unknown"": 29}",False,True
10,relaxed_order,120,150,30,10,5,0.32,0.46,0.62,8.775,9.015,9.015,50,"{""active"": 29, ""repealed"": 10, ""unknown"": 11}",False,True
10,relaxed_order,120,150,30,15,5,0.32,0.46,0.62,8.788,8.958,8.958,75,"{""active"": 38, ""repealed"": 18, ""unknown"": 19}",False,True
10,relaxed_order,120,150,30,20,5,0.32,0.46,0.62,8.749,9.315,9.315,100,"{""active"": 42, ""repealed"": 29, ""unknown"": 29}",False,True
10,relaxed_order,120,150,50,10,5,0.32,0.46,0.62,9.11,9.466,9.466,50,"{""active"": 29, ""repealed"": 10, ""unknown"": 11}",False,True
10,relaxed_order,120,150,50,15,5,0.32,0.46,0.62,9.503,9.566,9.566,75,"{""active"": 38, ""repealed"": 18, ""unknown"": 19}",False,True
10,relaxed_order,120,150,50,20,5,0.32,0.46,0.62,9.969,10.815,10.815,100,"{""active"": 42, ""repealed"": 29, ""unknown"": 29}",False,True
10,relaxed_order,120,150,75,10,5,0.32,0.46,0.62,9.16,9.388,9.388,50,"{""active"": 29, ""repealed"": 10, ""unknown"": 11}",False,True
10,relaxed_order,120,150,75,15,5,0.32,0.46,0.62,9.165,9.294,9.294,75,"{""active"": 38, ""repealed"": 18, ""unknown"": 19}",False,True
10,relaxed_order,120,150,75,20,5,0.32,0.46,0.62,9.22,11.144,11.144,100,"{""active"": 42, ""repealed"": 29, ""unknown"": 29}",False,True
10,relaxed_order,120,150,100,10,5,0.32,0.46,0.62,9.175,10.206,10.206,50,"{""active"": 29, ""repealed"": 10, ""unknown"": 11}",False,True
10,relaxed_order,120,150,100,15,5,0.32,0.46,0.62,9.424,9.773,9.773,75,"{""active"": 38, ""repealed"": 18, ""unknown"": 19}",False,True
10,relaxed_order,120,150,100,20,5,0.32,0.46,0.62,9.353,9.544,9.544,100,"{""active"": 42, ""repealed"": 29, ""unknown"": 29}",False,True
10,relaxed_order,120,200,30,10,5,0.32,0.46,0.62,9.054,9.184,9.184,50,"{""active"": 29, ""repealed"": 10, ""unknown"": 11}",False,True
10,relaxed_order,120,200,30,15,5,0.32,0.46,0.62,9.073,9.29,9.29,75,"{""active"": 38, ""repealed"": 18, ""unknown"": 19}",False,True
10,relaxed_order,120,200,30,20,5,0.32,0.46,0.62,9.002,9.225,9.225,100,"{""active"": 42, ""repealed"": 29, ""unknown"": 29}",False,True
10,relaxed_order,120,200,50,10,5,0.32,0.46,0.62,8.822,9.865,9.865,50,"{""active"": 29, ""repealed"": 10, ""unknown"": 11}",False,True
10,relaxed_order,120,200,50,15,5,0.32,0.46,0.62,9.102,9.599,9.599,75,"{""active"": 38, ""repealed"": 18, ""unknown"": 19}",False,True
10,relaxed_order,120,200,50,20,5,0.32,0.46,0.62,9.188,9.791,9.791,100,"{""active"": 42, ""repealed"": 29, ""unknown"": 29}",False,True
10,relaxed_order,120,200,75,10,5,0.32,0.46,0.62,9.198,10.86,10.86,50,"{""active"": 29, ""repealed"": 10, ""unknown"": 11}",False,True
10,relaxed_order,120,200,75,15,5,0.32,0.46,0.62,9.347,9.847,9.847,75,"{""active"": 38, ""repealed"": 18, ""unknown"": 19}",False,True
10,relaxed_order,120,200,75,20,5,0.32,0.46,0.62,9.285,9.314,9.314,100,"{""active"": 42, ""repealed"": 29, ""unknown"": 29}",False,True
10,relaxed_order,120,200,100,10,5,0.32,0.46,0.62,9.396,9.677,9.677,50,"{""active"": 29, ""repealed"": 10, ""unknown"": 11}",False,True
10,relaxed_order,120,200,100,15,5,0.32,0.46,0.62,9.289,9.315,9.315,75,"{""active"": 38, ""repealed"": 18, ""unknown"": 19}",False,True
10,relaxed_order,120,200,100,20,5,0.32,0.46,0.62,9.196,9.5,9.5,100,"{""active"": 42, ""repealed"": 29, ""unknown"": 29}",False,True
30,off,60,50,30,10,5,0.32,0.38,0.35,9.114,9.74,9.74,50,"{""active"": 29, ""repealed"": 10, ""unknown"": 11}",False,True
30,off,60,50,30,15,5,0.32,0.38,0.35,8.92,9.466,9.466,75,"{""active"": 38, ""repealed"": 18, ""unknown"": 19}",False,True
30,off,60,50,30,20,5,0.32,0.38,0.35,9.273,9.64,9.64,100,"{""active"": 42, ""repealed"": 29, ""unknown"": 29}",False,True
30,off,60,50,50,10,5,0.32,0.38,0.35,9.079,9.524,9.524,50,"{""active"": 29, ""repealed"": 10, ""unknown"": 11}",False,True
30,off,60,50,50,15,5,0.32,0.38,0.35,9.466,9.627,9.627,75,"{""active"": 38, ""repealed"": 18, ""unknown"": 19}",False,True
30,off,60,50,50,20,5,0.32,0.38,0.35,9.537,10.018,10.018,100,"{""active"": 42, ""repealed"": 29, ""unknown"": 29}",False,True
30,off,60,50,75,10,5,0.32,0.38,0.35,9.149,9.367,9.367,50,"{""active"": 29, ""repealed"": 10, ""unknown"": 11}",False,True
30,off,60,50,75,15,5,0.32,0.38,0.35,9.222,9.719,9.719,75,"{""active"": 38, ""repealed"": 18, ""unknown"": 19}",False,True
30,off,60,50,75,20,5,0.32,0.38,0.35,9.504,9.791,9.791,100,"{""active"": 42, ""repealed"": 29, ""unknown"": 29}",False,True
30,off,60,50,100,10,5,0.32,0.38,0.35,9.448,10.084,10.084,50,"{""active"": 29, ""repealed"": 10, ""unknown"": 11}",False,True
30,off,60,50,100,15,5,0.32,0.38,0.35,9.236,9.526,9.526,75,"{""active"": 38, ""repealed"": 18, ""unknown"": 19}",False,True
30,off,60,50,100,20,5,0.32,0.38,0.35,8.872,9.128,9.128,100,"{""active"": 42, ""repealed"": 29, ""unknown"": 29}",False,True
30,off,60,75,30,10,5,0.32,0.38,0.35,8.944,9.366,9.366,50,"{""active"": 29, ""repealed"": 10, ""unknown"": 11}",False,True
30,off,60,75,30,15,5,0.32,0.38,0.35,8.95,9.254,9.254,75,"{""active"": 38, ""repealed"": 18, ""unknown"": 19}",False,True
30,off,60,75,30,20,5,0.32,0.38,0.35,9.051,9.436,9.436,100,"{""active"": 42, ""repealed"": 29, ""unknown"": 29}",False,True
30,off,60,75,50,10,5,0.32,0.38,0.35,8.87,9.17,9.17,50,"{""active"": 29, ""repealed"": 10, ""unknown"": 11}",False,True
30,off,60,75,50,15,5,0.32,0.38,0.35,8.931,9.013,9.013,75,"{""active"": 38, ""repealed"": 18, ""unknown"": 19}",False,True
30,off,60,75,50,20,5,0.32,0.38,0.35,9.161,9.842,9.842,100,"{""active"": 42, ""repealed"": 29, ""unknown"": 29}",False,True
30,off,60,75,75,10,5,0.32,0.38,0.35,8.969,9.225,9.225,50,"{""active"": 29, ""repealed"": 10, ""unknown"": 11}",False,True
30,off,60,75,75,15,5,0.32,0.38,0.35,9.11,9.194,9.194,75,"{""active"": 38, ""repealed"": 18, ""unknown"": 19}",False,True
30,off,60,75,75,20,5,0.32,0.38,0.35,9.378,9.68,9.68,100,"{""active"": 42, ""repealed"": 29, ""unknown"": 29}",False,True
30,off,60,75,100,10,5,0.32,0.38,0.35,8.854,9.292,9.292,50,"{""active"": 29, ""repealed"": 10, ""unknown"": 11}",False,True
30,off,60,75,100,15,5,0.32,0.38,0.35,8.656,9.426,9.426,75,"{""active"": 38, ""repealed"": 18, ""unknown"": 19}",False,True
30,off,60,75,100,20,5,0.32,0.38,0.35,8.829,9.143,9.143,100,"{""active"": 42, ""repealed"": 29, ""unknown"": 29}",False,True
30,off,60,100,30,10,5,0.32,0.38,0.35,8.747,8.88,8.88,50,"{""active"": 29, ""repealed"": 10, ""unknown"": 11}",False,True
30,off,60,100,30,15,5,0.32,0.38,0.35,8.94,9.56,9.56,75,"{""active"": 38, ""repealed"": 18, ""unknown"": 19}",False,True
30,off,60,100,30,20,5,0.32,0.38,0.35,8.869,9.032,9.032,100,"{""active"": 42, ""repealed"": 29, ""unknown"": 29}",False,True
30,off,60,100,50,10,5,0.32,0.38,0.35,8.779,8.971,8.971,50,"{""active"": 29, ""repealed"": 10, ""unknown"": 11}",False,True
30,off,60,100,50,15,5,0.32,0.38,0.35,8.79,9.221,9.221,75,"{""active"": 38, ""repealed"": 18, ""unknown"": 19}",False,True
30,off,60,100,50,20,5,0.32,0.38,0.35,8.982,9.237,9.237,100,"{""active"": 42, ""repealed"": 29, ""unknown"": 29}",False,True
30,off,60,100,75,10,5,0.32,0.38,0.35,8.968,11.575,11.575,50,"{""active"": 29, ""repealed"": 10, ""unknown"": 11}",False,True
30,off,60,100,75,15,5,0.32,0.38,0.35,9.001,9.723,9.723,75,"{""active"": 38, ""repealed"": 18, ""unknown"": 19}",False,True
30,off,60,100,75,20,5,0.32,0.38,0.35,9.111,9.436,9.436,100,"{""active"": 42, ""repealed"": 29, ""unknown"": 29}",False,True
30,off,60,100,100,10,5,0.32,0.38,0.35,9.663,10.104,10.104,50,"{""active"": 29, ""repealed"": 10, ""unknown"": 11}",False,True
30,off,60,100,100,15,5,0.32,0.38,0.35,9.025,9.617,9.617,75,"{""active"": 38, ""repealed"": 18, ""unknown"": 19}",False,True
30,off,60,100,100,20,5,0.32,0.38,0.35,9.456,9.802,9.802,100,"{""active"": 42, ""repealed"": 29, ""unknown"": 29}",False,True
30,off,60,150,30,10,5,0.32,0.38,0.35,8.786,8.91,8.91,50,"{""active"": 29, ""repealed"": 10, ""unknown"": 11}",False,True
30,off,60,150,30,15,5,0.32,0.38,0.35,8.861,9.145,9.145,75,"{""active"": 38, ""repealed"": 18, ""unknown"": 19}",False,True
30,off,60,150,30,20,5,0.32,0.38,0.35,9.17,9.754,9.754,100,"{""active"": 42, ""repealed"": 29, ""unknown"": 29}",False,True
30,off,60,150,50,10,5,0.32,0.38,0.35,9.078,9.627,9.627,50,"{""active"": 29, ""repealed"": 10, ""unknown"": 11}",False,True
30,off,60,150,50,15,5,0.32,0.38,0.35,8.826,9.143,9.143,75,"{""active"": 38, ""repealed"": 18, ""unknown"": 19}",False,True
30,off,60,150,50,20,5,0.32,0.38,0.35,8.867,9.388,9.388,100,"{""active"": 42, ""repealed"": 29, ""unknown"": 29}",False,True
30,off,60,150,75,10,5,0.32,0.38,0.35,8.917,9.074,9.074,50,"{""active"": 29, ""repealed"": 10, ""unknown"": 11}",False,True
30,off,60,150,75,15,5,0.32,0.38,0.35,9.198,9.365,9.365,75,"{""active"": 38, ""repealed"": 18, ""unknown"": 19}",False,True
30,off,60,150,75,20,5,0.32,0.38,0.35,9.137,9.3,9.3,100,"{""active"": 42, ""repealed"": 29, ""unknown"": 29}",False,True
30,off,60,150,100,10,5,0.32,0.38,0.35,9.062,9.219,9.219,50,"{""active"": 29, ""repealed"": 10, ""unknown"": 11}",False,True
30,off,60,150,100,15,5,0.32,0.38,0.35,8.962,9.145,9.145,75,"{""active"": 38, ""repealed"": 18, ""unknown"": 19}",False,True
30,off,60,150,100,20,5,0.32,0.38,0.35,9.123,9.607,9.607,100,"{""active"": 42, ""repealed"": 29, ""unknown"": 29}",False,True
30,off,60,200,30,10,5,0.32,0.38,0.35,9.014,9.589,9.589,50,"{""active"": 29, ""repealed"": 10, ""unknown"": 11}",False,True
30,off,60,200,30,15,5,0.32,0.38,0.35,8.951,9.265,9.265,75,"{""active"": 38, ""repealed"": 18, ""unknown"": 19}",False,True
30,off,60,200,30,20,5,0.32,0.38,0.35,9.087,9.463,9.463,100,"{""active"": 42, ""repealed"": 29, ""unknown"": 29}",False,True
30,off,60,200,50,10,5,0.32,0.38,0.35,8.843,9.323,9.323,50,"{""active"": 29, ""repealed"": 10, ""unknown"": 11}",False,True
30,off,60,200,50,15,5,0.32,0.38,0.35,8.764,9.665,9.665,75,"{""active"": 38, ""repealed"": 18, ""unknown"": 19}",False,True
30,off,60,200,50,20,5,0.32,0.38,0.35,8.79,9.084,9.084,100,"{""active"": 42, ""repealed"": 29, ""unknown"": 29}",False,True
30,off,60,200,75,10,5,0.32,0.38,0.35,8.778,9.03,9.03,50,"{""active"": 29, ""repealed"": 10, ""unknown"": 11}",False,True
30,off,60,200,75,15,5,0.32,0.38,0.35,8.994,9.228,9.228,75,"{""active"": 38, ""repealed"": 18, ""unknown"": 19}",False,True
30,off,60,200,75,20,5,0.32,0.38,0.35,8.718,9.692,9.692,100,"{""active"": 42, ""repealed"": 29, ""unknown"": 29}",False,True
30,off,60,200,100,10,5,0.32,0.38,0.35,9.144,9.904,9.904,50,"{""active"": 29, ""repealed"": 10, ""unknown"": 11}",False,True
30,off,60,200,100,15,5,0.32,0.38,0.35,8.858,9.108,9.108,75,"{""active"": 38, ""repealed"": 18, ""unknown"": 19}",False,True
30,off,60,200,100,20,5,0.32,0.38,0.35,9.117,9.514,9.514,100,"{""active"": 42, ""repealed"": 29, ""unknown"": 29}",False,True
30,off,120,50,30,10,5,0.32,0.38,0.35,9.389,11.011,11.011,50,"{""active"": 29, ""repealed"": 10, ""unknown"": 11}",False,True
30,off,120,50,30,15,5,0.32,0.38,0.35,8.745,9.044,9.044,75,"{""active"": 38, ""repealed"": 18, ""unknown"": 19}",False,True
30,off,120,50,30,20,5,0.32,0.38,0.35,9.351,9.718,9.718,100,"{""active"": 42, ""repealed"": 29, ""unknown"": 29}",False,True
30,off,120,50,50,10,5,0.32,0.38,0.35,9.435,9.561,9.561,50,"{""active"": 29, ""repealed"": 10, ""unknown"": 11}",False,True
30,off,120,50,50,15,5,0.32,0.38,0.35,9.575,10.177,10.177,75,"{""active"": 38, ""repealed"": 18, ""unknown"": 19}",False,True
30,off,120,50,50,20,5,0.32,0.38,0.35,8.974,10.011,10.011,100,"{""active"": 42, ""repealed"": 29, ""unknown"": 29}",False,True
30,off,120,50,75,10,5,0.32,0.38,0.35,8.888,9.038,9.038,50,"{""active"": 29, ""repealed"": 10, ""unknown"": 11}",False,True
30,off,120,50,75,15,5,0.32,0.38,0.35,9.07,9.252,9.252,75,"{""active"": 38, ""repealed"": 18, ""unknown"": 19}",False,True
30,off,120,50,75,20,5,0.32,0.38,0.35,9.509,10.184,10.184,100,"{""active"": 42, ""repealed"": 29, ""unknown"": 29}",False,True
30,off,120,50,100,10,5,0.32,0.38,0.35,9.616,10.086,10.086,50,"{""active"": 29, ""repealed"": 10, ""unknown"": 11}",False,True
30,off,120,50,100,15,5,0.32,0.38,0.35,9.714,10.054,10.054,75,"{""active"": 38, ""repealed"": 18, ""unknown"": 19}",False,True
30,off,120,50,100,20,5,0.32,0.38,0.35,9.745,10.189,10.189,100,"{""active"": 42, ""repealed"": 29, ""unknown"": 29}",False,True
30,off,120,75,30,10,5,0.32,0.38,0.35,9.224,10.844,10.844,50,"{""active"": 29, ""repealed"": 10, ""unknown"": 11}",False,True
30,off,120,75,30,15,5,0.32,0.38,0.35,9.759,10.162,10.162,75,"{""active"": 38, ""repealed"": 18, ""unknown"": 19}",False,True
30,off,120,75,30,20,5,0.32,0.38,0.35,9.771,9.828,9.828,100,"{""active"": 42, ""repealed"": 29, ""unknown"": 29}",False,True
30,off,120,75,50,10,5,0.32,0.38,0.35,9.504,10.108,10.108,50,"{""active"": 29, ""repealed"": 10, ""unknown"": 11}",False,True
30,off,120,75,50,15,5,0.32,0.38,0.35,8.971,9.326,9.326,75,"{""active"": 38, ""repealed"": 18, ""unknown"": 19}",False,True
30,off,120,75,50,20,5,0.32,0.38,0.35,9.452,10.03,10.03,100,"{""active"": 42, ""repealed"": 29, ""unknown"": 29}",False,True
30,off,120,75,75,10,5,0.32,0.38,0.35,9.122,9.705,9.705,50,"{""active"": 29, ""repealed"": 10, ""unknown"": 11}",False,True
30,off,120,75,75,15,5,0.32,0.38,0.35,9.131,9.581,9.581,75,"{""active"": 38, ""repealed"": 18, ""unknown"": 19}",False,True
30,off,120,75,75,20,5,0.32,0.38,0.35,9.52,10.159,10.159,100,"{""active"": 42, ""repealed"": 29, ""unknown"": 29}",False,True
30,off,120,75,100,10,5,0.32,0.38,0.35,8.807,8.936,8.936,50,"{""active"": 29, ""repealed"": 10, ""unknown"": 11}",False,True
30,off,120,75,100,15,5,0.32,0.38,0.35,9.058,9.286,9.286,75,"{""active"": 38, ""repealed"": 18, ""unknown"": 19}",False,True
30,off,120,75,100,20,5,0.32,0.38,0.35,9.151,9.322,9.322,100,"{""active"": 42, ""repealed"": 29, ""unknown"": 29}",False,True
30,off,120,100,30,10,5,0.32,0.38,0.35,8.969,9.179,9.179,50,"{""active"": 29, ""repealed"": 10, ""unknown"": 11}",False,True
30,off,120,100,30,15,5,0.32,0.38,0.35,9.161,9.768,9.768,75,"{""active"": 38, ""repealed"": 18, ""unknown"": 19}",False,True
30,off,120,100,30,20,5,0.32,0.38,0.35,9.103,9.24,9.24,100,"{""active"": 42, ""repealed"": 29, ""unknown"": 29}",False,True
30,off,120,100,50,10,5,0.32,0.38,0.35,9.021,9.196,9.196,50,"{""active"": 29, ""repealed"": 10, ""unknown"": 11}",False,True
30,off,120,100,50,15,5,0.32,0.38,0.35,8.994,9.072,9.072,75,"{""active"": 38, ""repealed"": 18, ""unknown"": 19}",False,True
30,off,120,100,50,20,5,0.32,0.38,0.35,9.108,9.302,9.302,100,"{""active"": 42, ""repealed"": 29, ""unknown"": 29}",False,True
30,off,120,100,75,10,5,0.32,0.38,0.35,9.179,9.556,9.556,50,"{""active"": 29, ""repealed"": 10, ""unknown"": 11}",False,True
30,off,120,100,75,15,5,0.32,0.38,0.35,9.174,10.276,10.276,75,"{""active"": 38, ""repealed"": 18, ""unknown"": 19}",False,True
30,off,120,100,75,20,5,0.32,0.38,0.35,9.256,9.378,9.378,100,"{""active"": 42, ""repealed"": 29, ""unknown"": 29}",False,True
30,off,120,100,100,10,5,0.32,0.38,0.35,8.988,9.138,9.138,50,"{""active"": 29, ""repealed"": 10, ""unknown"": 11}",False,True
30,off,120,100,100,15,5,0.32,0.38,0.35,9.1,9.493,9.493,75,"{""active"": 38, ""repealed"": 18, ""unknown"": 19}",False,True
30,off,120,100,100,20,5,0.32,0.38,0.35,9.004,9.288,9.288,100,"{""active"": 42, ""repealed"": 29, ""unknown"": 29}",False,True
30,off,120,150,30,10,5,0.32,0.38,0.35,8.705,9.006,9.006,50,"{""active"": 29, ""repealed"": 10, ""unknown"": 11}",False,True
30,off,120,150,30,15,5,0.32,0.38,0.35,8.626,8.798,8.798,75,"{""active"": 38, ""repealed"": 18, ""unknown"": 19}",False,True
30,off,120,150,30,20,5,0.32,0.38,0.35,8.691,8.868,8.868,100,"{""active"": 42, ""repealed"": 29, ""unknown"": 29}",False,True
30,off,120,150,50,10,5,0.32,0.38,0.35,8.529,9.334,9.334,50,"{""active"": 29, ""repealed"": 10, ""unknown"": 11}",False,True
30,off,120,150,50,15,5,0.32,0.38,0.35,8.529,9.05,9.05,75,"{""active"": 38, ""repealed"": 18, ""unknown"": 19}",False,True
30,off,120,150,50,20,5,0.32,0.38,0.35,8.942,9.207,9.207,100,"{""active"": 42, ""repealed"": 29, ""unknown"": 29}",False,True
30,off,120,150,75,10,5,0.32,0.38,0.35,8.522,9.102,9.102,50,"{""active"": 29, ""repealed"": 10, ""unknown"": 11}",False,True
30,off,120,150,75,15,5,0.32,0.38,0.35,8.6,8.844,8.844,75,"{""active"": 38, ""repealed"": 18, ""unknown"": 19}",False,True
30,off,120,150,75,20,5,0.32,0.38,0.35,8.465,9.574,9.574,100,"{""active"": 42, ""repealed"": 29, ""unknown"": 29}",False,True
30,off,120,150,100,10,5,0.32,0.38,0.35,9.015,9.169,9.169,50,"{""active"": 29, ""repealed"": 10, ""unknown"": 11}",False,True
30,off,120,150,100,15,5,0.32,0.38,0.35,9.166,9.355,9.355,75,"{""active"": 38, ""repealed"": 18, ""unknown"": 19}",False,True
30,off,120,150,100,20,5,0.32,0.38,0.35,8.934,9.191,9.191,100,"{""active"": 42, ""repealed"": 29, ""unknown"": 29}",False,True
30,off,120,200,30,10,5,0.32,0.38,0.35,8.578,9.387,9.387,50,"{""active"": 29, ""repealed"": 10, ""unknown"": 11}",False,True
30,off,120,200,30,15,5,0.32,0.38,0.35,8.724,8.826,8.826,75,"{""active"": 38, ""repealed"": 18, ""unknown"": 19}",False,True
30,off,120,200,30,20,5,0.32,0.38,0.35,9.101,9.791,9.791,100,"{""active"": 42, ""repealed"": 29, ""unknown"": 29}",False,True
30,off,120,200,50,10,5,0.32,0.38,0.35,8.759,8.978,8.978,50,"{""active"": 29, ""repealed"": 10, ""unknown"": 11}",False,True
30,off,120,200,50,15,5,0.32,0.38,0.35,9.034,9.864,9.864,75,"{""active"": 38, ""repealed"": 18, ""unknown"": 19}",False,True
30,off,120,200,50,20,5,0.32,0.38,0.35,9.038,9.112,9.112,100,"{""active"": 42, ""repealed"": 29, ""unknown"": 29}",False,True
30,off,120,200,75,10,5,0.32,0.38,0.35,8.599,8.888,8.888,50,"{""active"": 29, ""repealed"": 10, ""unknown"": 11}",False,True
30,off,120,200,75,15,5,0.32,0.38,0.35,8.753,9.16,9.16,75,"{""active"": 38, ""repealed"": 18, ""unknown"": 19}",False,True
30,off,120,200,75,20,5,0.32,0.38,0.35,8.79,10.567,10.567,100,"{""active"": 42, ""repealed"": 29, ""unknown"": 29}",False,True
30,off,120,200,100,10,5,0.32,0.38,0.35,8.56,9.259,9.259,50,"{""active"": 29, ""repealed"": 10, ""unknown"": 11}",False,True
30,off,120,200,100,15,5,0.32,0.38,0.35,8.615,8.76,8.76,75,"{""active"": 38, ""repealed"": 18, ""unknown"": 19}",False,True
30,off,120,200,100,20,5,0.32,0.38,0.35,9.068,9.63,9.63,100,"{""active"": 42, ""repealed"": 29, ""unknown"": 29}",False,True
30,relaxed_order,60,50,30,10,5,0.36,0.46,0.44,8.535,8.961,8.961,50,"{""active"": 29, ""repealed"": 10, ""unknown"": 11}",False,True
30,relaxed_order,60,50,30,15,5,0.36,0.46,0.44,8.981,9.062,9.062,75,"{""active"": 38, ""repealed"": 18, ""unknown"": 19}",False,True
30,relaxed_order,60,50,30,20,5,0.36,0.46,0.44,9.14,9.411,9.411,100,"{""active"": 42, ""repealed"": 29, ""unknown"": 29}",False,True
30,relaxed_order,60,50,50,10,5,0.36,0.46,0.44,8.497,8.924,8.924,50,"{""active"": 29, ""repealed"": 10, ""unknown"": 11}",False,True
30,relaxed_order,60,50,50,15,5,0.36,0.46,0.44,8.908,9.214,9.214,75,"{""active"": 38, ""repealed"": 18, ""unknown"": 19}",False,True
30,relaxed_order,60,50,50,20,5,0.36,0.46,0.44,8.752,8.991,8.991,100,"{""active"": 42, ""repealed"": 29, ""unknown"": 29}",False,True
30,relaxed_order,60,50,75,10,5,0.36,0.46,0.44,8.621,9.224,9.224,50,"{""active"": 29, ""repealed"": 10, ""unknown"": 11}",False,True
30,relaxed_order,60,50,75,15,5,0.36,0.46,0.44,8.699,9.49,9.49,75,"{""active"": 38, ""repealed"": 18, ""unknown"": 19}",False,True
30,relaxed_order,60,50,75,20,5,0.36,0.46,0.44,9.183,9.445,9.445,100,"{""active"": 42, ""repealed"": 29, ""unknown"": 29}",False,True
30,relaxed_order,60,50,100,10,5,0.36,0.46,0.44,9.016,9.153,9.153,50,"{""active"": 29, ""repealed"": 10, ""unknown"": 11}",False,True
30,relaxed_order,60,50,100,15,5,0.36,0.46,0.44,8.685,8.844,8.844,75,"{""active"": 38, ""repealed"": 18, ""unknown"": 19}",False,True
30,relaxed_order,60,50,100,20,5,0.36,0.46,0.44,8.979,9.035,9.035,100,"{""active"": 42, ""repealed"": 29, ""unknown"": 29}",False,True
30,relaxed_order,60,75,30,10,5,0.36,0.46,0.44,8.751,8.917,8.917,50,"{""active"": 29, ""repealed"": 10, ""unknown"": 11}",False,True
30,relaxed_order,60,75,30,15,5,0.36,0.46,0.44,8.642,9.159,9.159,75,"{""active"": 38, ""repealed"": 18, ""unknown"": 19}",False,True
30,relaxed_order,60,75,30,20,5,0.36,0.46,0.44,8.819,9.064,9.064,100,"{""active"": 42, ""repealed"": 29, ""unknown"": 29}",False,True
30,relaxed_order,60,75,50,10,5,0.36,0.46,0.44,8.873,9.86,9.86,50,"{""active"": 29, ""repealed"": 10, ""unknown"": 11}",False,True
30,relaxed_order,60,75,50,15,5,0.36,0.46,0.44,8.646,9.307,9.307,75,"{""active"": 38, ""repealed"": 18, ""unknown"": 19}",False,True
30,relaxed_order,60,75,50,20,5,0.36,0.46,0.44,8.767,9.354,9.354,100,"{""active"": 42, ""repealed"": 29, ""unknown"": 29}",False,True
30,relaxed_order,60,75,75,10,5,0.36,0.46,0.44,8.816,10.461,10.461,50,"{""active"": 29, ""repealed"": 10, ""unknown"": 11}",False,True
30,relaxed_order,60,75,75,15,5,0.36,0.46,0.44,9.051,9.206,9.206,75,"{""active"": 38, ""repealed"": 18, ""unknown"": 19}",False,True
30,relaxed_order,60,75,75,20,5,0.36,0.46,0.44,9.222,9.389,9.389,100,"{""active"": 42, ""repealed"": 29, ""unknown"": 29}",False,True
30,relaxed_order,60,75,100,10,5,0.36,0.46,0.44,9.252,9.956,9.956,50,"{""active"": 29, ""repealed"": 10, ""unknown"": 11}",False,True
30,relaxed_order,60,75,100,15,5,0.36,0.46,0.44,9.428,9.555,9.555,75,"{""active"": 38, ""repealed"": 18, ""unknown"": 19}",False,True
30,relaxed_order,60,75,100,20,5,0.36,0.46,0.44,8.895,9.301,9.301,100,"{""active"": 42, ""repealed"": 29, ""unknown"": 29}",False,True
30,relaxed_order,60,100,30,10,5,0.36,0.46,0.44,8.878,9.38,9.38,50,"{""active"": 29, ""repealed"": 10, ""unknown"": 11}",False,True
30,relaxed_order,60,100,30,15,5,0.36,0.46,0.44,8.822,9.149,9.149,75,"{""active"": 38, ""repealed"": 18, ""unknown"": 19}",False,True
30,relaxed_order,60,100,30,20,5,0.36,0.46,0.44,9.092,9.48,9.48,100,"{""active"": 42, ""repealed"": 29, ""unknown"": 29}",False,True
30,relaxed_order,60,100,50,10,5,0.36,0.46,0.44,8.784,8.924,8.924,50,"{""active"": 29, ""repealed"": 10, ""unknown"": 11}",False,True
30,relaxed_order,60,100,50,15,5,0.36,0.46,0.44,8.624,9.507,9.507,75,"{""active"": 38, ""repealed"": 18, ""unknown"": 19}",False,True
30,relaxed_order,60,100,50,20,5,0.36,0.46,0.44,8.76,9.006,9.006,100,"{""active"": 42, ""repealed"": 29, ""unknown"": 29}",False,True
30,relaxed_order,60,100,75,10,5,0.36,0.46,0.44,8.846,10.6,10.6,50,"{""active"": 29, ""repealed"": 10, ""unknown"": 11}",False,True
30,relaxed_order,60,100,75,15,5,0.36,0.46,0.44,8.832,9.591,9.591,75,"{""active"": 38, ""repealed"": 18, ""unknown"": 19}",False,True
30,relaxed_order,60,100,75,20,5,0.36,0.46,0.44,9.133,9.227,9.227,100,"{""active"": 42, ""repealed"": 29, ""unknown"": 29}",False,True
30,relaxed_order,60,100,100,10,5,0.36,0.46,0.44,8.651,9.168,9.168,50,"{""active"": 29, ""repealed"": 10, ""unknown"": 11}",False,True
30,relaxed_order,60,100,100,15,5,0.36,0.46,0.44,9.031,9.163,9.163,75,"{""active"": 38, ""repealed"": 18, ""unknown"": 19}",False,True
30,relaxed_order,60,100,100,20,5,0.36,0.46,0.44,8.876,9.103,9.103,100,"{""active"": 42, ""repealed"": 29, ""unknown"": 29}",False,True
30,relaxed_order,60,150,30,10,5,0.36,0.46,0.44,8.522,8.831,8.831,50,"{""active"": 29, ""repealed"": 10, ""unknown"": 11}",False,True
30,relaxed_order,60,150,30,15,5,0.36,0.46,0.44,8.783,9.688,9.688,75,"{""active"": 38, ""repealed"": 18, ""unknown"": 19}",False,True
30,relaxed_order,60,150,30,20,5,0.36,0.46,0.44,8.965,9.081,9.081,100,"{""active"": 42, ""repealed"": 29, ""unknown"": 29}",False,True
30,relaxed_order,60,150,50,10,5,0.36,0.46,0.44,8.821,9.291,9.291,50,"{""active"": 29, ""repealed"": 10, ""unknown"": 11}",False,True
30,relaxed_order,60,150,50,15,5,0.36,0.46,0.44,9.167,10.182,10.182,75,"{""active"": 38, ""repealed"": 18, ""unknown"": 19}",False,True
30,relaxed_order,60,150,50,20,5,0.36,0.46,0.44,8.813,9.061,9.061,100,"{""active"": 42, ""repealed"": 29, ""unknown"": 29}",False,True
30,relaxed_order,60,150,75,10,5,0.36,0.46,0.44,9.228,9.424,9.424,50,"{""active"": 29, ""repealed"": 10, ""unknown"": 11}",False,True
30,relaxed_order,60,150,75,15,5,0.36,0.46,0.44,8.783,9.113,9.113,75,"{""active"": 38, ""repealed"": 18, ""unknown"": 19}",False,True
30,relaxed_order,60,150,75,20,5,0.36,0.46,0.44,9.167,9.351,9.351,100,"{""active"": 42, ""repealed"": 29, ""unknown"": 29}",False,True
30,relaxed_order,60,150,100,10,5,0.36,0.46,0.44,9.059,9.137,9.137,50,"{""active"": 29, ""repealed"": 10, ""unknown"": 11}",False,True
30,relaxed_order,60,150,100,15,5,0.36,0.46,0.44,8.614,9.28,9.28,75,"{""active"": 38, ""repealed"": 18, ""unknown"": 19}",False,True
30,relaxed_order,60,150,100,20,5,0.36,0.46,0.44,9.127,9.203,9.203,100,"{""active"": 42, ""repealed"": 29, ""unknown"": 29}",False,True
30,relaxed_order,60,200,30,10,5,0.36,0.46,0.44,8.787,8.863,8.863,50,"{""active"": 29, ""repealed"": 10, ""unknown"": 11}",False,True
30,relaxed_order,60,200,30,15,5,0.36,0.46,0.44,9.087,9.678,9.678,75,"{""active"": 38, ""repealed"": 18, ""unknown"": 19}",False,True
30,relaxed_order,60,200,30,20,5,0.36,0.46,0.44,9.136,9.258,9.258,100,"{""active"": 42, ""repealed"": 29, ""unknown"": 29}",False,True
30,relaxed_order,60,200,50,10,5,0.36,0.46,0.44,9.064,9.241,9.241,50,"{""active"": 29, ""repealed"": 10, ""unknown"": 11}",False,True
30,relaxed_order,60,200,50,15,5,0.36,0.46,0.44,9.498,9.605,9.605,75,"{""active"": 38, ""repealed"": 18, ""unknown"": 19}",False,True
30,relaxed_order,60,200,50,20,5,0.36,0.46,0.44,9.105,9.55,9.55,100,"{""active"": 42, ""repealed"": 29, ""unknown"": 29}",False,True
30,relaxed_order,60,200,75,10,5,0.36,0.46,0.44,8.813,9.536,9.536,50,"{""active"": 29, ""repealed"": 10, ""unknown"": 11}",False,True
30,relaxed_order,60,200,75,15,5,0.36,0.46,0.44,8.802,8.887,8.887,75,"{""active"": 38, ""repealed"": 18, ""unknown"": 19}",False,True
30,relaxed_order,60,200,75,20,5,0.36,0.46,0.44,9.048,9.338,9.338,100,"{""active"": 42, ""repealed"": 29, ""unknown"": 29}",False,True
30,relaxed_order,60,200,100,10,5,0.36,0.46,0.44,9.237,9.387,9.387,50,"{""active"": 29, ""repealed"": 10, ""unknown"": 11}",False,True
30,relaxed_order,60,200,100,15,5,0.36,0.46,0.44,8.942,9.306,9.306,75,"{""active"": 38, ""repealed"": 18, ""unknown"": 19}",False,True
30,relaxed_order,60,200,100,20,5,0.36,0.46,0.44,8.834,8.907,8.907,100,"{""active"": 42, ""repealed"": 29, ""unknown"": 29}",False,True
30,relaxed_order,120,50,30,10,5,0.36,0.48,0.62,8.896,9.678,9.678,50,"{""active"": 29, ""repealed"": 10, ""unknown"": 11}",False,True
30,relaxed_order,120,50,30,15,5,0.36,0.48,0.62,9.218,9.644,9.644,75,"{""active"": 38, ""repealed"": 18, ""unknown"": 19}",False,True
30,relaxed_order,120,50,30,20,5,0.36,0.48,0.62,9.09,12.073,12.073,100,"{""active"": 42, ""repealed"": 29, ""unknown"": 29}",False,True
30,relaxed_order,120,50,50,10,5,0.36,0.48,0.62,8.512,9.298,9.298,50,"{""active"": 29, ""repealed"": 10, ""unknown"": 11}",False,True
30,relaxed_order,120,50,50,15,5,0.36,0.48,0.62,8.718,9.067,9.067,75,"{""active"": 38, ""repealed"": 18, ""unknown"": 19}",False,True
30,relaxed_order,120,50,50,20,5,0.36,0.48,0.62,9.045,9.286,9.286,100,"{""active"": 42, ""repealed"": 29, ""unknown"": 29}",False,True
30,relaxed_order,120,50,75,10,5,0.36,0.48,0.62,8.997,9.516,9.516,50,"{""active"": 29, ""repealed"": 10, ""unknown"": 11}",False,True
30,relaxed_order,120,50,75,15,5,0.36,0.48,0.62,8.97,9.655,9.655,75,"{""active"": 38, ""repealed"": 18, ""unknown"": 19}",False,True
30,relaxed_order,120,50,75,20,5,0.36,0.48,0.62,9.025,9.23,9.23,100,"{""active"": 42, ""repealed"": 29, ""unknown"": 29}",False,True
30,relaxed_order,120,50,100,10,5,0.36,0.48,0.62,8.389,8.755,8.755,50,"{""active"": 29, ""repealed"": 10, ""unknown"": 11}",False,True
30,relaxed_order,120,50,100,15,5,0.36,0.48,0.62,8.694,9.201,9.201,75,"{""active"": 38, ""repealed"": 18, ""unknown"": 19}",False,True
30,relaxed_order,120,50,100,20,5,0.36,0.48,0.62,8.737,9.34,9.34,100,"{""active"": 42, ""repealed"": 29, ""unknown"": 29}",False,True
30,relaxed_order,120,75,30,10,5,0.36,0.48,0.62,8.537,9.415,9.415,50,"{""active"": 29, ""repealed"": 10, ""unknown"": 11}",False,True
30,relaxed_order,120,75,30,15,5,0.36,0.48,0.62,9.274,9.542,9.542,75,"{""active"": 38, ""repealed"": 18, ""unknown"": 19}",False,True
30,relaxed_order,120,75,30,20,5,0.36,0.48,0.62,9.225,9.386,9.386,100,"{""active"": 42, ""repealed"": 29, ""unknown"": 29}",False,True
30,relaxed_order,120,75,50,10,5,0.36,0.48,0.62,8.942,9.192,9.192,50,"{""active"": 29, ""repealed"": 10, ""unknown"": 11}",False,True
30,relaxed_order,120,75,50,15,5,0.36,0.48,0.62,9.169,9.317,9.317,75,"{""active"": 38, ""repealed"": 18, ""unknown"": 19}",False,True
30,relaxed_order,120,75,50,20,5,0.36,0.48,0.62,9.073,9.428,9.428,100,"{""active"": 42, ""repealed"": 29, ""unknown"": 29}",False,True
30,relaxed_order,120,75,75,10,5,0.36,0.48,0.62,8.961,9.204,9.204,50,"{""active"": 29, ""repealed"": 10, ""unknown"": 11}",False,True
30,relaxed_order,120,75,75,15,5,0.36,0.48,0.62,9.135,9.549,9.549,75,"{""active"": 38, ""repealed"": 18, ""unknown"": 19}",False,True
30,relaxed_order,120,75,75,20,5,0.36,0.48,0.62,9.397,9.571,9.571,100,"{""active"": 42, ""repealed"": 29, ""unknown"": 29}",False,True
30,relaxed_order,120,75,100,10,5,0.36,0.48,0.62,8.878,9.364,9.364,50,"{""active"": 29, ""repealed"": 10, ""unknown"": 11}",False,True
30,relaxed_order,120,75,100,15,5,0.36,0.48,0.62,8.674,9.136,9.136,75,"{""active"": 38, ""repealed"": 18, ""unknown"": 19}",False,True
30,relaxed_order,120,75,100,20,5,0.36,0.48,0.62,8.667,8.961,8.961,100,"{""active"": 42, ""repealed"": 29, ""unknown"": 29}",False,True
30,relaxed_order,120,100,30,10,5,0.36,0.48,0.62,8.77,10.999,10.999,50,"{""active"": 29, ""repealed"": 10, ""unknown"": 11}",False,True
30,relaxed_order,120,100,30,15,5,0.36,0.48,0.62,8.625,8.78,8.78,75,"{""active"": 38, ""repealed"": 18, ""unknown"": 19}",False,True
30,relaxed_order,120,100,30,20,5,0.36,0.48,0.62,8.514,8.959,8.959,100,"{""active"": 42, ""repealed"": 29, ""unknown"": 29}",False,True
30,relaxed_order,120,100,50,10,5,0.36,0.48,0.62,8.36,8.936,8.936,50,"{""active"": 29, ""repealed"": 10, ""unknown"": 11}",False,True
30,relaxed_order,120,100,50,15,5,0.36,0.48,0.62,8.389,8.489,8.489,75,"{""active"": 38, ""repealed"": 18, ""unknown"": 19}",False,True
30,relaxed_order,120,100,50,20,5,0.36,0.48,0.62,8.912,9.135,9.135,100,"{""active"": 42, ""repealed"": 29, ""unknown"": 29}",False,True
30,relaxed_order,120,100,75,10,5,0.36,0.48,0.62,8.899,9.054,9.054,50,"{""active"": 29, ""repealed"": 10, ""unknown"": 11}",False,True
30,relaxed_order,120,100,75,15,5,0.36,0.48,0.62,8.947,9.248,9.248,75,"{""active"": 38, ""repealed"": 18, ""unknown"": 19}",False,True
30,relaxed_order,120,100,75,20,5,0.36,0.48,0.62,8.737,9.42,9.42,100,"{""active"": 42, ""repealed"": 29, ""unknown"": 29}",False,True
30,relaxed_order,120,100,100,10,5,0.36,0.48,0.62,8.427,8.953,8.953,50,"{""active"": 29, ""repealed"": 10, ""unknown"": 11}",False,True
30,relaxed_order,120,100,100,15,5,0.36,0.48,0.62,8.812,9.292,9.292,75,"{""active"": 38, ""repealed"": 18, ""unknown"": 19}",False,True
30,relaxed_order,120,100,100,20,5,0.36,0.48,0.62,9.027,10.478,10.478,100,"{""active"": 42, ""repealed"": 29, ""unknown"": 29}",False,True
30,relaxed_order,120,150,30,10,5,0.36,0.48,0.62,8.768,9.242,9.242,50,"{""active"": 29, ""repealed"": 10, ""unknown"": 11}",False,True
30,relaxed_order,120,150,30,15,5,0.36,0.48,0.62,9.123,10.161,10.161,75,"{""active"": 38, ""repealed"": 18, ""unknown"": 19}",False,True
30,relaxed_order,120,150,30,20,5,0.36,0.48,0.62,9.241,10.338,10.338,100,"{""active"": 42, ""repealed"": 29, ""unknown"": 29}",False,True
30,relaxed_order,120,150,50,10,5,0.36,0.48,0.62,9.008,10.225,10.225,50,"{""active"": 29, ""repealed"": 10, ""unknown"": 11}",False,True
30,relaxed_order,120,150,50,15,5,0.36,0.48,0.62,8.962,10.146,10.146,75,"{""active"": 38, ""repealed"": 18, ""unknown"": 19}",False,True
30,relaxed_order,120,150,50,20,5,0.36,0.48,0.62,8.937,9.283,9.283,100,"{""active"": 42, ""repealed"": 29, ""unknown"": 29}",False,True
30,relaxed_order,120,150,75,10,5,0.36,0.48,0.62,8.739,9.624,9.624,50,"{""active"": 29, ""repealed"": 10, ""unknown"": 11}",False,True
30,relaxed_order,120,150,75,15,5,0.36,0.48,0.62,8.851,9.031,9.031,75,"{""active"": 38, ""repealed"": 18, ""unknown"": 19}",False,True
30,relaxed_order,120,150,75,20,5,0.36,0.48,0.62,8.667,9.289,9.289,100,"{""active"": 42, ""repealed"": 29, ""unknown"": 29}",False,True
30,relaxed_order,120,150,100,10,5,0.36,0.48,0.62,9.119,9.303,9.303,50,"{""active"": 29, ""repealed"": 10, ""unknown"": 11}",False,True
30,relaxed_order,120,150,100,15,5,0.36,0.48,0.62,9.152,10.003,10.003,75,"{""active"": 38, ""repealed"": 18, ""unknown"": 19}",False,True
30,relaxed_order,120,150,100,20,5,0.36,0.48,0.62,8.805,9.556,9.556,100,"{""active"": 42, ""repealed"": 29, ""unknown"": 29}",False,True
30,relaxed_order,120,200,30,10,5,0.36,0.48,0.62,8.731,9.16,9.16,50,"{""active"": 29, ""repealed"": 10, ""unknown"": 11}",False,True
30,relaxed_order,120,200,30,15,5,0.36,0.48,0.62,8.846,9.042,9.042,75,"{""active"": 38, ""repealed"": 18, ""unknown"": 19}",False,True
30,relaxed_order,120,200,30,20,5,0.36,0.48,0.62,9.28,10.183,10.183,100,"{""active"": 42, ""repealed"": 29, ""unknown"": 29}",False,True
30,relaxed_order,120,200,50,10,5,0.36,0.48,0.62,8.717,9.075,9.075,50,"{""active"": 29, ""repealed"": 10, ""unknown"": 11}",False,True
30,relaxed_order,120,200,50,15,5,0.36,0.48,0.62,8.576,8.933,8.933,75,"{""active"": 38, ""repealed"": 18, ""unknown"": 19}",False,True
30,relaxed_order,120,200,50,20,5,0.36,0.48,0.62,8.685,9.076,9.076,100,"{""active"": 42, ""repealed"": 29, ""unknown"": 29}",False,True
30,relaxed_order,120,200,75,10,5,0.36,0.48,0.62,8.749,9.027,9.027,50,"{""active"": 29, ""repealed"": 10, ""unknown"": 11}",False,True
30,relaxed_order,120,200,75,15,5,0.36,0.48,0.62,8.814,8.956,8.956,75,"{""active"": 38, ""repealed"": 18, ""unknown"": 19}",False,True
30,relaxed_order,120,200,75,20,5,0.36,0.48,0.62,8.868,9.221,9.221,100,"{""active"": 42, ""repealed"": 29, ""unknown"": 29}",False,True
30,relaxed_order,120,200,100,10,5,0.36,0.48,0.62,8.653,8.805,8.805,50,"{""active"": 29, ""repealed"": 10, ""unknown"": 11}",False,True
30,relaxed_order,120,200,100,15,5,0.36,0.48,0.62,8.717,8.953,8.953,75,"{""active"": 38, ""repealed"": 18, ""unknown"": 19}",False,True
30,relaxed_order,120,200,100,20,5,0.36,0.48,0.62,8.65,8.782,8.782,100,"{""active"": 42, ""repealed"": 29, ""unknown"": 29}",False,True
60,off,60,50,30,10,5,0.44,0.48,0.44,9.192,10.732,10.732,50,"{""active"": 29, ""repealed"": 10, ""unknown"": 11}",False,True
60,off,60,50,30,15,5,0.44,0.48,0.44,8.456,9.003,9.003,75,"{""active"": 38, ""repealed"": 18, ""unknown"": 19}",False,True
60,off,60,50,30,20,5,0.44,0.48,0.44,8.646,8.878,8.878,100,"{""active"": 42, ""repealed"": 29, ""unknown"": 29}",False,True
60,off,60,50,50,10,5,0.44,0.48,0.44,8.52,8.81,8.81,50,"{""active"": 29, ""repealed"": 10, ""unknown"": 11}",False,True
60,off,60,50,50,15,5,0.44,0.48,0.44,8.29,8.511,8.511,75,"{""active"": 38, ""repealed"": 18, ""unknown"": 19}",False,True
60,off,60,50,50,20,5,0.44,0.48,0.44,8.699,9.356,9.356,100,"{""active"": 42, ""repealed"": 29, ""unknown"": 29}",False,True
60,off,60,50,75,10,5,0.44,0.48,0.44,8.351,8.627,8.627,50,"{""active"": 29, ""repealed"": 10, ""unknown"": 11}",False,True
60,off,60,50,75,15,5,0.44,0.48,0.44,8.417,9.305,9.305,75,"{""active"": 38, ""repealed"": 18, ""unknown"": 19}",False,True
60,off,60,50,75,20,5,0.44,0.48,0.44,8.612,10.798,10.798,100,"{""active"": 42, ""repealed"": 29, ""unknown"": 29}",False,True
60,off,60,50,100,10,5,0.44,0.48,0.44,8.888,9.093,9.093,50,"{""active"": 29, ""repealed"": 10, ""unknown"": 11}",False,True
60,off,60,50,100,15,5,0.44,0.48,0.44,8.654,8.71,8.71,75,"{""active"": 38, ""repealed"": 18, ""unknown"": 19}",False,True
60,off,60,50,100,20,5,0.44,0.48,0.44,8.769,9.204,9.204,100,"{""active"": 42, ""repealed"": 29, ""unknown"": 29}",False,True
60,off,60,75,30,10,5,0.44,0.48,0.44,8.968,9.412,9.412,50,"{""active"": 29, ""repealed"": 10, ""unknown"": 11}",False,True
60,off,60,75,30,15,5,0.44,0.48,0.44,8.732,9.077,9.077,75,"{""active"": 38, ""repealed"": 18, ""unknown"": 19}",False,True
60,off,60,75,30,20,5,0.44,0.48,0.44,9.443,9.509,9.509,100,"{""active"": 42, ""repealed"": 29, ""unknown"": 29}",False,True
60,off,60,75,50,10,5,0.44,0.48,0.44,8.715,9.078,9.078,50,"{""active"": 29, ""repealed"": 10, ""unknown"": 11}",False,True
60,off,60,75,50,15,5,0.44,0.48,0.44,9.304,9.603,9.603,75,"{""active"": 38, ""repealed"": 18, ""unknown"": 19}",False,True
60,off,60,75,50,20,5,0.44,0.48,0.44,9.635,10.097,10.097,100,"{""active"": 42, ""repealed"": 29, ""unknown"": 29}",False,True
60,off,60,75,75,10,5,0.44,0.48,0.44,8.79,9.109,9.109,50,"{""active"": 29, ""repealed"": 10, ""unknown"": 11}",False,True
60,off,60,75,75,15,5,0.44,0.48,0.44,8.567,8.74,8.74,75,"{""active"": 38, ""repealed"": 18, ""unknown"": 19}",False,True
60,off,60,75,75,20,5,0.44,0.48,0.44,8.693,8.811,8.811,100,"{""active"": 42, ""repealed"": 29, ""unknown"": 29}",False,True
60,off,60,75,100,10,5,0.44,0.48,0.44,8.867,9.432,9.432,50,"{""active"": 29, ""repealed"": 10, ""unknown"": 11}",False,True
60,off,60,75,100,15,5,0.44,0.48,0.44,8.847,8.939,8.939,75,"{""active"": 38, ""repealed"": 18, ""unknown"": 19}",False,True
60,off,60,75,100,20,5,0.44,0.48,0.44,8.653,8.945,8.945,100,"{""active"": 42, ""repealed"": 29, ""unknown"": 29}",False,True
60,off,60,100,30,10,5,0.44,0.48,0.44,8.35,8.839,8.839,50,"{""active"": 29, ""repealed"": 10, ""unknown"": 11}",False,True
60,off,60,100,30,15,5,0.44,0.48,0.44,8.768,9.117,9.117,75,"{""active"": 38, ""repealed"": 18, ""unknown"": 19}",False,True
60,off,60,100,30,20,5,0.44,0.48,0.44,9.243,10.378,10.378,100,"{""active"": 42, ""repealed"": 29, ""unknown"": 29}",False,True
60,off,60,100,50,10,5,0.44,0.48,0.44,9.115,9.537,9.537,50,"{""active"": 29, ""repealed"": 10, ""unknown"": 11}",False,True
60,off,60,100,50,15,5,0.44,0.48,0.44,8.864,9.068,9.068,75,"{""active"": 38, ""repealed"": 18, ""unknown"": 19}",False,True
60,off,60,100,50,20,5,0.44,0.48,0.44,8.805,9.229,9.229,100,"{""active"": 42, ""repealed"": 29, ""unknown"": 29}",False,True
60,off,60,100,75,10,5,0.44,0.48,0.44,8.708,9.221,9.221,50,"{""active"": 29, ""repealed"": 10, ""unknown"": 11}",False,True
60,off,60,100,75,15,5,0.44,0.48,0.44,9.546,12.5,12.5,75,"{""active"": 38, ""repealed"": 18, ""unknown"": 19}",False,True
60,off,60,100,75,20,5,0.44,0.48,0.44,9.184,9.748,9.748,100,"{""active"": 42, ""repealed"": 29, ""unknown"": 29}",False,True
60,off,60,100,100,10,5,0.44,0.48,0.44,8.726,9.569,9.569,50,"{""active"": 29, ""repealed"": 10, ""unknown"": 11}",False,True
60,off,60,100,100,15,5,0.44,0.48,0.44,8.613,9.169,9.169,75,"{""active"": 38, ""repealed"": 18, ""unknown"": 19}",False,True
60,off,60,100,100,20,5,0.44,0.48,0.44,8.545,9.286,9.286,100,"{""active"": 42, ""repealed"": 29, ""unknown"": 29}",False,True
60,off,60,150,30,10,5,0.44,0.48,0.44,8.611,8.758,8.758,50,"{""active"": 29, ""repealed"": 10, ""unknown"": 11}",False,True
60,off,60,150,30,15,5,0.44,0.48,0.44,8.783,9.008,9.008,75,"{""active"": 38, ""repealed"": 18, ""unknown"": 19}",False,True
60,off,60,150,30,20,5,0.44,0.48,0.44,8.573,8.845,8.845,100,"{""active"": 42, ""repealed"": 29, ""unknown"": 29}",False,True
60,off,60,150,50,10,5,0.44,0.48,0.44,8.718,9.175,9.175,50,"{""active"": 29, ""repealed"": 10, ""unknown"": 11}",False,True
60,off,60,150,50,15,5,0.44,0.48,0.44,8.604,9.108,9.108,75,"{""active"": 38, ""repealed"": 18, ""unknown"": 19}",False,True
60,off,60,150,50,20,5,0.44,0.48,0.44,8.842,9.016,9.016,100,"{""active"": 42, ""repealed"": 29, ""unknown"": 29}",False,True
60,off,60,150,75,10,5,0.44,0.48,0.44,8.757,9.182,9.182,50,"{""active"": 29, ""repealed"": 10, ""unknown"": 11}",False,True
60,off,60,150,75,15,5,0.44,0.48,0.44,8.739,9.085,9.085,75,"{""active"": 38, ""repealed"": 18, ""unknown"": 19}",False,True
60,off,60,150,75,20,5,0.44,0.48,0.44,8.907,9.02,9.02,100,"{""active"": 42, ""repealed"": 29, ""unknown"": 29}",False,True
60,off,60,150,100,10,5,0.44,0.48,0.44,8.577,8.999,8.999,50,"{""active"": 29, ""repealed"": 10, ""unknown"": 11}",False,True
60,off,60,150,100,15,5,0.44,0.48,0.44,8.617,9.791,9.791,75,"{""active"": 38, ""repealed"": 18, ""unknown"": 19}",False,True
60,off,60,150,100,20,5,0.44,0.48,0.44,9.161,9.558,9.558,100,"{""active"": 42, ""repealed"": 29, ""unknown"": 29}",False,True
60,off,60,200,30,10,5,0.44,0.48,0.44,8.788,9.207,9.207,50,"{""active"": 29, ""repealed"": 10, ""unknown"": 11}",False,True
60,off,60,200,30,15,5,0.44,0.48,0.44,8.922,9.434,9.434,75,"{""active"": 38, ""repealed"": 18, ""unknown"": 19}",False,True
60,off,60,200,30,20,5,0.44,0.48,0.44,9.07,9.546,9.546,100,"{""active"": 42, ""repealed"": 29, ""unknown"": 29}",False,True
60,off,60,200,50,10,5,0.44,0.48,0.44,8.896,10.548,10.548,50,"{""active"": 29, ""repealed"": 10, ""unknown"": 11}",False,True
60,off,60,200,50,15,5,0.44,0.48,0.44,8.669,9.1,9.1,75,"{""active"": 38, ""repealed"": 18, ""unknown"": 19}",False,True
60,off,60,200,50,20,5,0.44,0.48,0.44,8.92,11.971,11.971,100,"{""active"": 42, ""repealed"": 29, ""unknown"": 29}",False,True
60,off,60,200,75,10,5,0.44,0.48,0.44,8.67,9.265,9.265,50,"{""active"": 29, ""repealed"": 10, ""unknown"": 11}",False,True
60,off,60,200,75,15,5,0.44,0.48,0.44,8.624,9.608,9.608,75,"{""active"": 38, ""repealed"": 18, ""unknown"": 19}",False,True
60,off,60,200,75,20,5,0.44,0.48,0.44,8.596,9.084,9.084,100,"{""active"": 42, ""repealed"": 29, ""unknown"": 29}",False,True
60,off,60,200,100,10,5,0.44,0.48,0.44,8.748,9.251,9.251,50,"{""active"": 29, ""repealed"": 10, ""unknown"": 11}",False,True
60,off,60,200,100,15,5,0.44,0.48,0.44,8.465,8.913,8.913,75,"{""active"": 38, ""repealed"": 18, ""unknown"": 19}",False,True
60,off,60,200,100,20,5,0.44,0.48,0.44,8.752,9.001,9.001,100,"{""active"": 42, ""repealed"": 29, ""unknown"": 29}",False,True
60,off,120,50,30,10,5,0.44,0.48,0.44,8.626,9.077,9.077,50,"{""active"": 29, ""repealed"": 10, ""unknown"": 11}",False,True
60,off,120,50,30,15,5,0.44,0.48,0.44,8.556,8.906,8.906,75,"{""active"": 38, ""repealed"": 18, ""unknown"": 19}",False,True
60,off,120,50,30,20,5,0.44,0.48,0.44,8.603,9.177,9.177,100,"{""active"": 42, ""repealed"": 29, ""unknown"": 29}",False,True
60,off,120,50,50,10,5,0.44,0.48,0.44,8.64,9.296,9.296,50,"{""active"": 29, ""repealed"": 10, ""unknown"": 11}",False,True
60,off,120,50,50,15,5,0.44,0.48,0.44,8.88,9.204,9.204,75,"{""active"": 38, ""repealed"": 18, ""unknown"": 19}",False,True
60,off,120,50,50,20,5,0.44,0.48,0.44,8.588,8.819,8.819,100,"{""active"": 42, ""repealed"": 29, ""unknown"": 29}",False,True
60,off,120,50,75,10,5,0.44,0.48,0.44,8.598,8.982,8.982,50,"{""active"": 29, ""repealed"": 10, ""unknown"": 11}",False,True
60,off,120,50,75,15,5,0.44,0.48,0.44,8.761,8.974,8.974,75,"{""active"": 38, ""repealed"": 18, ""unknown"": 19}",False,True
60,off,120,50,75,20,5,0.44,0.48,0.44,8.78,9.173,9.173,100,"{""active"": 42, ""repealed"": 29, ""unknown"": 29}",False,True
60,off,120,50,100,10,5,0.44,0.48,0.44,8.621,9.44,9.44,50,"{""active"": 29, ""repealed"": 10, ""unknown"": 11}",False,True
60,off,120,50,100,15,5,0.44,0.48,0.44,8.998,9.242,9.242,75,"{""active"": 38, ""repealed"": 18, ""unknown"": 19}",False,True
60,off,120,50,100,20,5,0.44,0.48,0.44,9.145,9.398,9.398,100,"{""active"": 42, ""repealed"": 29, ""unknown"": 29}",False,True
60,off,120,75,30,10,5,0.44,0.48,0.44,9.156,9.41,9.41,50,"{""active"": 29, ""repealed"": 10, ""unknown"": 11}",False,True
60,off,120,75,30,15,5,0.44,0.48,0.44,9.07,9.232,9.232,75,"{""active"": 38, ""repealed"": 18, ""unknown"": 19}",False,True
60,off,120,75,30,20,5,0.44,0.48,0.44,9.089,9.332,9.332,100,"{""active"": 42, ""repealed"": 29, ""unknown"": 29}",False,True
60,off,120,75,50,10,5,0.44,0.48,0.44,9.092,9.368,9.368,50,"{""active"": 29, ""repealed"": 10, ""unknown"": 11}",False,True
60,off,120,75,50,15,5,0.44,0.48,0.44,8.727,9.021,9.021,75,"{""active"": 38, ""repealed"": 18, ""unknown"": 19}",False,True
60,off,120,75,50,20,5,0.44,0.48,0.44,9.105,9.269,9.269,100,"{""active"": 42, ""repealed"": 29, ""unknown"": 29}",False,True
60,off,120,75,75,10,5,0.44,0.48,0.44,8.592,8.71,8.71,50,"{""active"": 29, ""repealed"": 10, ""unknown"": 11}",False,True
60,off,120,75,75,15,5,0.44,0.48,0.44,8.743,9.102,9.102,75,"{""active"": 38, ""repealed"": 18, ""unknown"": 19}",False,True
60,off,120,75,75,20,5,0.44,0.48,0.44,8.7,9.183,9.183,100,"{""active"": 42, ""repealed"": 29, ""unknown"": 29}",False,True
60,off,120,75,100,10,5,0.44,0.48,0.44,8.946,9.974,9.974,50,"{""active"": 29, ""repealed"": 10, ""unknown"": 11}",False,True
60,off,120,75,100,15,5,0.44,0.48,0.44,9.246,9.619,9.619,75,"{""active"": 38, ""repealed"": 18, ""unknown"": 19}",False,True
60,off,120,75,100,20,5,0.44,0.48,0.44,9.042,9.37,9.37,100,"{""active"": 42, ""repealed"": 29, ""unknown"": 29}",False,True
60,off,120,100,30,10,5,0.44,0.48,0.44,8.85,8.936,8.936,50,"{""active"": 29, ""repealed"": 10, ""unknown"": 11}",False,True
60,off,120,100,30,15,5,0.44,0.48,0.44,8.712,8.98,8.98,75,"{""active"": 38, ""repealed"": 18, ""unknown"": 19}",False,True
60,off,120,100,30,20,5,0.44,0.48,0.44,8.813,9.039,9.039,100,"{""active"": 42, ""repealed"": 29, ""unknown"": 29}",False,True
60,off,120,100,50,10,5,0.44,0.48,0.44,8.589,9.147,9.147,50,"{""active"": 29, ""repealed"": 10, ""unknown"": 11}",False,True
60,off,120,100,50,15,5,0.44,0.48,0.44,8.795,8.87,8.87,75,"{""active"": 38, ""repealed"": 18, ""unknown"": 19}",False,True
60,off,120,100,50,20,5,0.44,0.48,0.44,8.706,8.932,8.932,100,"{""active"": 42, ""repealed"": 29, ""unknown"": 29}",False,True
60,off,120,100,75,10,5,0.44,0.48,0.44,8.497,8.571,8.571,50,"{""active"": 29, ""repealed"": 10, ""unknown"": 11}",False,True
60,off,120,100,75,15,5,0.44,0.48,0.44,8.438,8.625,8.625,75,"{""active"": 38, ""repealed"": 18, ""unknown"": 19}",False,True
60,off,120,100,75,20,5,0.44,0.48,0.44,8.4,9.297,9.297,100,"{""active"": 42, ""repealed"": 29, ""unknown"": 29}",False,True
60,off,120,100,100,10,5,0.44,0.48,0.44,8.491,8.78,8.78,50,"{""active"": 29, ""repealed"": 10, ""unknown"": 11}",False,True
60,off,120,100,100,15,5,0.44,0.48,0.44,8.689,10.918,10.918,75,"{""active"": 38, ""repealed"": 18, ""unknown"": 19}",False,True
60,off,120,100,100,20,5,0.44,0.48,0.44,8.584,9.069,9.069,100,"{""active"": 42, ""repealed"": 29, ""unknown"": 29}",False,True
60,off,120,150,30,10,5,0.44,0.48,0.44,8.74,8.973,8.973,50,"{""active"": 29, ""repealed"": 10, ""unknown"": 11}",False,True
60,off,120,150,30,15,5,0.44,0.48,0.44,8.625,8.848,8.848,75,"{""active"": 38, ""repealed"": 18, ""unknown"": 19}",False,True
60,off,120,150,30,20,5,0.44,0.48,0.44,9.305,10.436,10.436,100,"{""active"": 42, ""repealed"": 29, ""unknown"": 29}",False,True
60,off,120,150,50,10,5,0.44,0.48,0.44,8.455,8.955,8.955,50,"{""active"": 29, ""repealed"": 10, ""unknown"": 11}",False,True
60,off,120,150,50,15,5,0.44,0.48,0.44,8.677,9.095,9.095,75,"{""active"": 38, ""repealed"": 18, ""unknown"": 19}",False,True
60,off,120,150,50,20,5,0.44,0.48,0.44,8.729,8.839,8.839,100,"{""active"": 42, ""repealed"": 29, ""unknown"": 29}",False,True
60,off,120,150,75,10,5,0.44,0.48,0.44,8.373,8.771,8.771,50,"{""active"": 29, ""repealed"": 10, ""unknown"": 11}",False,True
60,off,120,150,75,15,5,0.44,0.48,0.44,8.854,9.432,9.432,75,"{""active"": 38, ""repealed"": 18, ""unknown"": 19}",False,True
60,off,120,150,75,20,5,0.44,0.48,0.44,9.123,9.387,9.387,100,"{""active"": 42, ""repealed"": 29, ""unknown"": 29}",False,True
60,off,120,150,100,10,5,0.44,0.48,0.44,8.862,9.226,9.226,50,"{""active"": 29, ""repealed"": 10, ""unknown"": 11}",False,True
60,off,120,150,100,15,5,0.44,0.48,0.44,9.365,12.176,12.176,75,"{""active"": 38, ""repealed"": 18, ""unknown"": 19}",False,True
60,off,120,150,100,20,5,0.44,0.48,0.44,9.291,9.391,9.391,100,"{""active"": 42, ""repealed"": 29, ""unknown"": 29}",False,True
60,off,120,200,30,10,5,0.44,0.48,0.44,9.654,10.508,10.508,50,"{""active"": 29, ""repealed"": 10, ""unknown"": 11}",False,True
60,off,120,200,30,15,5,0.44,0.48,0.44,9.291,9.413,9.413,75,"{""active"": 38, ""repealed"": 18, ""unknown"": 19}",False,True
60,off,120,200,30,20,5,0.44,0.48,0.44,9.601,10.063,10.063,100,"{""active"": 42, ""repealed"": 29, ""unknown"": 29}",False,True
60,off,120,200,50,10,5,0.44,0.48,0.44,8.809,8.958,8.958,50,"{""active"": 29, ""repealed"": 10, ""unknown"": 11}",False,True
60,off,120,200,50,15,5,0.44,0.48,0.44,8.777,9.06,9.06,75,"{""active"": 38, ""repealed"": 18, ""unknown"": 19}",False,True
60,off,120,200,50,20,5,0.44,0.48,0.44,9.097,9.577,9.577,100,"{""active"": 42, ""repealed"": 29, ""unknown"": 29}",False,True
60,off,120,200,75,10,5,0.44,0.48,0.44,8.507,9.122,9.122,50,"{""active"": 29, ""repealed"": 10, ""unknown"": 11}",False,True
60,off,120,200,75,15,5,0.44,0.48,0.44,8.84,9.176,9.176,75,"{""active"": 38, ""repealed"": 18, ""unknown"": 19}",False,True
60,off,120,200,75,20,5,0.44,0.48,0.44,9.057,9.35,9.35,100,"{""active"": 42, ""repealed"": 29, ""unknown"": 29}",False,True
60,off,120,200,100,10,5,0.44,0.48,0.44,8.855,9.342,9.342,50,"{""active"": 29, ""repealed"": 10, ""unknown"": 11}",False,True
60,off,120,200,100,15,5,0.44,0.48,0.44,8.87,9.509,9.509,75,"{""active"": 38, ""repealed"": 18, ""unknown"": 19}",False,True
60,off,120,200,100,20,5,0.44,0.48,0.44,8.95,9.154,9.154,100,"{""active"": 42, ""repealed"": 29, ""unknown"": 29}",False,True
60,relaxed_order,60,50,30,10,5,0.44,0.48,0.44,9.056,9.264,9.264,50,"{""active"": 29, ""repealed"": 10, ""unknown"": 11}",False,True
60,relaxed_order,60,50,30,15,5,0.44,0.48,0.44,9.167,9.369,9.369,75,"{""active"": 38, ""repealed"": 18, ""unknown"": 19}",False,True
60,relaxed_order,60,50,30,20,5,0.44,0.48,0.44,9.215,9.275,9.275,100,"{""active"": 42, ""repealed"": 29, ""unknown"": 29}",False,True
60,relaxed_order,60,50,50,10,5,0.44,0.48,0.44,9.091,9.591,9.591,50,"{""active"": 29, ""repealed"": 10, ""unknown"": 11}",False,True
60,relaxed_order,60,50,50,15,5,0.44,0.48,0.44,9.045,9.556,9.556,75,"{""active"": 38, ""repealed"": 18, ""unknown"": 19}",False,True
60,relaxed_order,60,50,50,20,5,0.44,0.48,0.44,8.398,8.812,8.812,100,"{""active"": 42, ""repealed"": 29, ""unknown"": 29}",False,True
60,relaxed_order,60,50,75,10,5,0.44,0.48,0.44,8.47,9.284,9.284,50,"{""active"": 29, ""repealed"": 10, ""unknown"": 11}",False,True
60,relaxed_order,60,50,75,15,5,0.44,0.48,0.44,8.642,9.143,9.143,75,"{""active"": 38, ""repealed"": 18, ""unknown"": 19}",False,True
60,relaxed_order,60,50,75,20,5,0.44,0.48,0.44,8.671,9.378,9.378,100,"{""active"": 42, ""repealed"": 29, ""unknown"": 29}",False,True
60,relaxed_order,60,50,100,10,5,0.44,0.48,0.44,8.949,9.158,9.158,50,"{""active"": 29, ""repealed"": 10, ""unknown"": 11}",False,True
60,relaxed_order,60,50,100,15,5,0.44,0.48,0.44,8.718,9.33,9.33,75,"{""active"": 38, ""repealed"": 18, ""unknown"": 19}",False,True
60,relaxed_order,60,50,100,20,5,0.44,0.48,0.44,8.77,9.373,9.373,100,"{""active"": 42, ""repealed"": 29, ""unknown"": 29}",False,True
60,relaxed_order,60,75,30,10,5,0.44,0.48,0.44,8.76,8.917,8.917,50,"{""active"": 29, ""repealed"": 10, ""unknown"": 11}",False,True
60,relaxed_order,60,75,30,15,5,0.44,0.48,0.44,8.934,9.216,9.216,75,"{""active"": 38, ""repealed"": 18, ""unknown"": 19}",False,True
60,relaxed_order,60,75,30,20,5,0.44,0.48,0.44,8.76,9.299,9.299,100,"{""active"": 42, ""repealed"": 29, ""unknown"": 29}",False,True
60,relaxed_order,60,75,50,10,5,0.44,0.48,0.44,8.958,9.001,9.001,50,"{""active"": 29, ""repealed"": 10, ""unknown"": 11}",False,True
60,relaxed_order,60,75,50,15,5,0.44,0.48,0.44,9.143,9.764,9.764,75,"{""active"": 38, ""repealed"": 18, ""unknown"": 19}",False,True
60,relaxed_order,60,75,50,20,5,0.44,0.48,0.44,9.117,9.34,9.34,100,"{""active"": 42, ""repealed"": 29, ""unknown"": 29}",False,True
60,relaxed_order,60,75,75,10,5,0.44,0.48,0.44,9.083,9.278,9.278,50,"{""active"": 29, ""repealed"": 10, ""unknown"": 11}",False,True
60,relaxed_order,60,75,75,15,5,0.44,0.48,0.44,9.09,9.334,9.334,75,"{""active"": 38, ""repealed"": 18, ""unknown"": 19}",False,True
60,relaxed_order,60,75,75,20,5,0.44,0.48,0.44,9.009,9.59,9.59,100,"{""active"": 42, ""repealed"": 29, ""unknown"": 29}",False,True
60,relaxed_order,60,75,100,10,5,0.44,0.48,0.44,9.508,10.606,10.606,50,"{""active"": 29, ""repealed"": 10, ""unknown"": 11}",False,True
60,relaxed_order,60,75,100,15,5,0.44,0.48,0.44,9.356,9.509,9.509,75,"{""active"": 38, ""repealed"": 18, ""unknown"": 19}",False,True
60,relaxed_order,60,75,100,20,5,0.44,0.48,0.44,9.056,9.392,9.392,100,"{""active"": 42, ""repealed"": 29, ""unknown"": 29}",False,True
60,relaxed_order,60,100,30,10,5,0.44,0.48,0.44,8.583,8.64,8.64,50,"{""active"": 29, ""repealed"": 10, ""unknown"": 11}",False,True
60,relaxed_order,60,100,30,15,5,0.44,0.48,0.44,8.88,9.217,9.217,75,"{""active"": 38, ""repealed"": 18, ""unknown"": 19}",False,True
60,relaxed_order,60,100,30,20,5,0.44,0.48,0.44,9.215,9.356,9.356,100,"{""active"": 42, ""repealed"": 29, ""unknown"": 29}",False,True
60,relaxed_order,60,100,50,10,5,0.44,0.48,0.44,9.077,9.386,9.386,50,"{""active"": 29, ""repealed"": 10, ""unknown"": 11}",False,True
60,relaxed_order,60,100,50,15,5,0.44,0.48,0.44,8.883,9.103,9.103,75,"{""active"": 38, ""repealed"": 18, ""unknown"": 19}",False,True
60,relaxed_order,60,100,50,20,5,0.44,0.48,0.44,8.843,9.718,9.718,100,"{""active"": 42, ""repealed"": 29, ""unknown"": 29}",False,True
60,relaxed_order,60,100,75,10,5,0.44,0.48,0.44,8.748,8.831,8.831,50,"{""active"": 29, ""repealed"": 10, ""unknown"": 11}",False,True
60,relaxed_order,60,100,75,15,5,0.44,0.48,0.44,8.8,9.01,9.01,75,"{""active"": 38, ""repealed"": 18, ""unknown"": 19}",False,True
60,relaxed_order,60,100,75,20,5,0.44,0.48,0.44,9.357,9.659,9.659,100,"{""active"": 42, ""repealed"": 29, ""unknown"": 29}",False,True
60,relaxed_order,60,100,100,10,5,0.44,0.48,0.44,9.303,9.326,9.326,50,"{""active"": 29, ""repealed"": 10, ""unknown"": 11}",False,True
60,relaxed_order,60,100,100,15,5,0.44,0.48,0.44,8.93,9.21,9.21,75,"{""active"": 38, ""repealed"": 18, ""unknown"": 19}",False,True
60,relaxed_order,60,100,100,20,5,0.44,0.48,0.44,9.009,9.841,9.841,100,"{""active"": 42, ""repealed"": 29, ""unknown"": 29}",False,True
60,relaxed_order,60,150,30,10,5,0.44,0.48,0.44,9.104,9.292,9.292,50,"{""active"": 29, ""repealed"": 10, ""unknown"": 11}",False,True
60,relaxed_order,60,150,30,15,5,0.44,0.48,0.44,9.01,9.334,9.334,75,"{""active"": 38, ""repealed"": 18, ""unknown"": 19}",False,True
60,relaxed_order,60,150,30,20,5,0.44,0.48,0.44,9.33,9.958,9.958,100,"{""active"": 42, ""repealed"": 29, ""unknown"": 29}",False,True
60,relaxed_order,60,150,50,10,5,0.44,0.48,0.44,8.995,9.105,9.105,50,"{""active"": 29, ""repealed"": 10, ""unknown"": 11}",False,True
60,relaxed_order,60,150,50,15,5,0.44,0.48,0.44,9.206,12.526,12.526,75,"{""active"": 38, ""repealed"": 18, ""unknown"": 19}",False,True
60,relaxed_order,60,150,50,20,5,0.44,0.48,0.44,9.063,9.195,9.195,100,"{""active"": 42, ""repealed"": 29, ""unknown"": 29}",False,True
60,relaxed_order,60,150,75,10,5,0.44,0.48,0.44,9.075,9.711,9.711,50,"{""active"": 29, ""repealed"": 10, ""unknown"": 11}",False,True
60,relaxed_order,60,150,75,15,5,0.44,0.48,0.44,9.187,9.427,9.427,75,"{""active"": 38, ""repealed"": 18, ""unknown"": 19}",False,True
60,relaxed_order,60,150,75,20,5,0.44,0.48,0.44,8.669,8.997,8.997,100,"{""active"": 42, ""repealed"": 29, ""unknown"": 29}",False,True
60,relaxed_order,60,150,100,10,5,0.44,0.48,0.44,8.606,9.49,9.49,50,"{""active"": 29, ""repealed"": 10, ""unknown"": 11}",False,True
60,relaxed_order,60,150,100,15,5,0.44,0.48,0.44,8.471,8.992,8.992,75,"{""active"": 38, ""repealed"": 18, ""unknown"": 19}",False,True
60,relaxed_order,60,150,100,20,5,0.44,0.48,0.44,8.718,9.416,9.416,100,"{""active"": 42, ""repealed"": 29, ""unknown"": 29}",False,True
60,relaxed_order,60,200,30,10,5,0.44,0.48,0.44,8.925,9.448,9.448,50,"{""active"": 29, ""repealed"": 10, ""unknown"": 11}",False,True
60,relaxed_order,60,200,30,15,5,0.44,0.48,0.44,9.004,9.402,9.402,75,"{""active"": 38, ""repealed"": 18, ""unknown"": 19}",False,True
60,relaxed_order,60,200,30,20,5,0.44,0.48,0.44,8.741,9.078,9.078,100,"{""active"": 42, ""repealed"": 29, ""unknown"": 29}",False,True
60,relaxed_order,60,200,50,10,5,0.44,0.48,0.44,8.751,9.399,9.399,50,"{""active"": 29, ""repealed"": 10, ""unknown"": 11}",False,True
60,relaxed_order,60,200,50,15,5,0.44,0.48,0.44,8.86,8.937,8.937,75,"{""active"": 38, ""repealed"": 18, ""unknown"": 19}",False,True
60,relaxed_order,60,200,50,20,5,0.44,0.48,0.44,9.143,9.279,9.279,100,"{""active"": 42, ""repealed"": 29, ""unknown"": 29}",False,True
60,relaxed_order,60,200,75,10,5,0.44,0.48,0.44,9.095,9.424,9.424,50,"{""active"": 29, ""repealed"": 10, ""unknown"": 11}",False,True
60,relaxed_order,60,200,75,15,5,0.44,0.48,0.44,9.014,9.301,9.301,75,"{""active"": 38, ""repealed"": 18, ""unknown"": 19}",False,True
60,relaxed_order,60,200,75,20,5,0.44,0.48,0.44,8.94,9.568,9.568,100,"{""active"": 42, ""repealed"": 29, ""unknown"": 29}",False,True
60,relaxed_order,60,200,100,10,5,0.44,0.48,0.44,9.281,9.948,9.948,50,"{""active"": 29, ""repealed"": 10, ""unknown"": 11}",False,True
60,relaxed_order,60,200,100,15,5,0.44,0.48,0.44,9.38,9.614,9.614,75,"{""active"": 38, ""repealed"": 18, ""unknown"": 19}",False,True
60,relaxed_order,60,200,100,20,5,0.44,0.48,0.44,9.153,9.932,9.932,100,"{""active"": 42, ""repealed"": 29, ""unknown"": 29}",False,True
60,relaxed_order,120,50,30,10,5,0.44,0.5,0.62,9.337,10.412,10.412,50,"{""active"": 29, ""repealed"": 10, ""unknown"": 11}",False,True
60,relaxed_order,120,50,30,15,5,0.44,0.5,0.62,9.164,9.546,9.546,75,"{""active"": 38, ""repealed"": 18, ""unknown"": 19}",False,True
60,relaxed_order,120,50,30,20,5,0.44,0.5,0.62,8.919,9.362,9.362,100,"{""active"": 42, ""repealed"": 29, ""unknown"": 29}",False,True
60,relaxed_order,120,50,50,10,5,0.44,0.5,0.62,8.49,8.773,8.773,50,"{""active"": 29, ""repealed"": 10, ""unknown"": 11}",False,True
60,relaxed_order,120,50,50,15,5,0.44,0.5,0.62,9.136,10.489,10.489,75,"{""active"": 38, ""repealed"": 18, ""unknown"": 19}",False,True
60,relaxed_order,120,50,50,20,5,0.44,0.5,0.62,8.711,9.253,9.253,100,"{""active"": 42, ""repealed"": 29, ""unknown"": 29}",False,True
60,relaxed_order,120,50,75,10,5,0.44,0.5,0.62,8.493,8.85,8.85,50,"{""active"": 29, ""repealed"": 10, ""unknown"": 11}",False,True
60,relaxed_order,120,50,75,15,5,0.44,0.5,0.62,9.136,9.654,9.654,75,"{""active"": 38, ""repealed"": 18, ""unknown"": 19}",False,True
60,relaxed_order,120,50,75,20,5,0.44,0.5,0.62,9.014,9.553,9.553,100,"{""active"": 42, ""repealed"": 29, ""unknown"": 29}",False,True
60,relaxed_order,120,50,100,10,5,0.44,0.5,0.62,9.052,9.451,9.451,50,"{""active"": 29, ""repealed"": 10, ""unknown"": 11}",False,True
60,relaxed_order,120,50,100,15,5,0.44,0.5,0.62,9.167,9.349,9.349,75,"{""active"": 38, ""repealed"": 18, ""unknown"": 19}",False,True
60,relaxed_order,120,50,100,20,5,0.44,0.5,0.62,9.823,11.685,11.685,100,"{""active"": 42, ""repealed"": 29, ""unknown"": 29}",False,True
60,relaxed_order,120,75,30,10,5,0.44,0.5,0.62,9.355,9.546,9.546,50,"{""active"": 29, ""repealed"": 10, ""unknown"": 11}",False,True
60,relaxed_order,120,75,30,15,5,0.44,0.5,0.62,9.006,9.46,9.46,75,"{""active"": 38, ""repealed"": 18, ""unknown"": 19}",False,True
60,relaxed_order,120,75,30,20,5,0.44,0.5,0.62,8.88,9.063,9.063,100,"{""active"": 42, ""repealed"": 29, ""unknown"": 29}",False,True
60,relaxed_order,120,75,50,10,5,0.44,0.5,0.62,8.796,8.907,8.907,50,"{""active"": 29, ""repealed"": 10, ""unknown"": 11}",False,True
60,relaxed_order,120,75,50,15,5,0.44,0.5,0.62,8.75,8.922,8.922,75,"{""active"": 38, ""repealed"": 18, ""unknown"": 19}",False,True
60,relaxed_order,120,75,50,20,5,0.44,0.5,0.62,8.935,9.401,9.401,100,"{""active"": 42, ""repealed"": 29, ""unknown"": 29}",False,True
60,relaxed_order,120,75,75,10,5,0.44,0.5,0.62,8.925,9.297,9.297,50,"{""active"": 29, ""repealed"": 10, ""unknown"": 11}",False,True
60,relaxed_order,120,75,75,15,5,0.44,0.5,0.62,8.832,8.986,8.986,75,"{""active"": 38, ""repealed"": 18, ""unknown"": 19}",False,True
60,relaxed_order,120,75,75,20,5,0.44,0.5,0.62,9.368,9.759,9.759,100,"{""active"": 42, ""repealed"": 29, ""unknown"": 29}",False,True
60,relaxed_order,120,75,100,10,5,0.44,0.5,0.62,9.204,9.423,9.423,50,"{""active"": 29, ""repealed"": 10, ""unknown"": 11}",False,True
60,relaxed_order,120,75,100,15,5,0.44,0.5,0.62,9.087,9.525,9.525,75,"{""active"": 38, ""repealed"": 18, ""unknown"": 19}",False,True
60,relaxed_order,120,75,100,20,5,0.44,0.5,0.62,9.525,10.114,10.114,100,"{""active"": 42, ""repealed"": 29, ""unknown"": 29}",False,True
60,relaxed_order,120,100,30,10,5,0.44,0.5,0.62,9.36,9.516,9.516,50,"{""active"": 29, ""repealed"": 10, ""unknown"": 11}",False,True
60,relaxed_order,120,100,30,15,5,0.44,0.5,0.62,9.679,10.463,10.463,75,"{""active"": 38, ""repealed"": 18, ""unknown"": 19}",False,True
60,relaxed_order,120,100,30,20,5,0.44,0.5,0.62,9.03,11.418,11.418,100,"{""active"": 42, ""repealed"": 29, ""unknown"": 29}",False,True
60,relaxed_order,120,100,50,10,5,0.44,0.5,0.62,8.563,8.808,8.808,50,"{""active"": 29, ""repealed"": 10, ""unknown"": 11}",False,True
60,relaxed_order,120,100,50,15,5,0.44,0.5,0.62,8.992,9.119,9.119,75,"{""active"": 38, ""repealed"": 18, ""unknown"": 19}",False,True
60,relaxed_order,120,100,50,20,5,0.44,0.5,0.62,8.848,9.643,9.643,100,"{""active"": 42, ""repealed"": 29, ""unknown"": 29}",False,True
60,relaxed_order,120,100,75,10,5,0.44,0.5,0.62,8.647,8.902,8.902,50,"{""active"": 29, ""repealed"": 10, ""unknown"": 11}",False,True
60,relaxed_order,120,100,75,15,5,0.44,0.5,0.62,8.999,9.323,9.323,75,"{""active"": 38, ""repealed"": 18, ""unknown"": 19}",False,True
60,relaxed_order,120,100,75,20,5,0.44,0.5,0.62,9.052,9.516,9.516,100,"{""active"": 42, ""repealed"": 29, ""unknown"": 29}",False,True
60,relaxed_order,120,100,100,10,5,0.44,0.5,0.62,8.88,9.332,9.332,50,"{""active"": 29, ""repealed"": 10, ""unknown"": 11}",False,True
60,relaxed_order,120,100,100,15,5,0.44,0.5,0.62,8.74,9.266,9.266,75,"{""active"": 38, ""repealed"": 18, ""unknown"": 19}",False,True
60,relaxed_order,120,100,100,20,5,0.44,0.5,0.62,9.055,9.374,9.374,100,"{""active"": 42, ""repealed"": 29, ""unknown"": 29}",False,True
60,relaxed_order,120,150,30,10,5,0.44,0.5,0.62,8.613,9.146,9.146,50,"{""active"": 29, ""repealed"": 10, ""unknown"": 11}",False,True
60,relaxed_order,120,150,30,15,5,0.44,0.5,0.62,8.486,8.769,8.769,75,"{""active"": 38, ""repealed"": 18, ""unknown"": 19}",False,True
60,relaxed_order,120,150,30,20,5,0.44,0.5,0.62,8.687,9.339,9.339,100,"{""active"": 42, ""repealed"": 29, ""unknown"": 29}",False,True
60,relaxed_order,120,150,50,10,5,0.44,0.5,0.62,9.003,9.254,9.254,50,"{""active"": 29, ""repealed"": 10, ""unknown"": 11}",False,True
60,relaxed_order,120,150,50,15,5,0.44,0.5,0.62,8.698,9.026,9.026,75,"{""active"": 38, ""repealed"": 18, ""unknown"": 19}",False,True
60,relaxed_order,120,150,50,20,5,0.44,0.5,0.62,9.009,9.644,9.644,100,"{""active"": 42, ""repealed"": 29, ""unknown"": 29}",False,True
60,relaxed_order,120,150,75,10,5,0.44,0.5,0.62,8.459,9.034,9.034,50,"{""active"": 29, ""repealed"": 10, ""unknown"": 11}",False,True
60,relaxed_order,120,150,75,15,5,0.44,0.5,0.62,8.847,9.44,9.44,75,"{""active"": 38, ""repealed"": 18, ""unknown"": 19}",False,True
60,relaxed_order,120,150,75,20,5,0.44,0.5,0.62,9.02,9.42,9.42,100,"{""active"": 42, ""repealed"": 29, ""unknown"": 29}",False,True
60,relaxed_order,120,150,100,10,5,0.44,0.5,0.62,9.205,9.576,9.576,50,"{""active"": 29, ""repealed"": 10, ""unknown"": 11}",False,True
60,relaxed_order,120,150,100,15,5,0.44,0.5,0.62,9.013,9.414,9.414,75,"{""active"": 38, ""repealed"": 18, ""unknown"": 19}",False,True
60,relaxed_order,120,150,100,20,5,0.44,0.5,0.62,8.793,8.922,8.922,100,"{""active"": 42, ""repealed"": 29, ""unknown"": 29}",False,True
60,relaxed_order,120,200,30,10,5,0.44,0.5,0.62,8.858,9.522,9.522,50,"{""active"": 29, ""repealed"": 10, ""unknown"": 11}",False,True
60,relaxed_order,120,200,30,15,5,0.44,0.5,0.62,8.909,11.733,11.733,75,"{""active"": 38, ""repealed"": 18, ""unknown"": 19}",False,True
60,relaxed_order,120,200,30,20,5,0.44,0.5,0.62,9.036,9.293,9.293,100,"{""active"": 42, ""repealed"": 29, ""unknown"": 29}",False,True
60,relaxed_order,120,200,50,10,5,0.44,0.5,0.62,8.328,8.573,8.573,50,"{""active"": 29, ""repealed"": 10, ""unknown"": 11}",False,True
60,relaxed_order,120,200,50,15,5,0.44,0.5,0.62,8.445,8.934,8.934,75,"{""active"": 38, ""repealed"": 18, ""unknown"": 19}",False,True
60,relaxed_order,120,200,50,20,5,0.44,0.5,0.62,8.482,9.119,9.119,100,"{""active"": 42, ""repealed"": 29, ""unknown"": 29}",False,True
60,relaxed_order,120,200,75,10,5,0.44,0.5,0.62,8.73,9.158,9.158,50,"{""active"": 29, ""repealed"": 10, ""unknown"": 11}",False,True
60,relaxed_order,120,200,75,15,5,0.44,0.5,0.62,8.991,9.809,9.809,75,"{""active"": 38, ""repealed"": 18, ""unknown"": 19}",False,True
60,relaxed_order,120,200,75,20,5,0.44,0.5,0.62,8.925,9.134,9.134,100,"{""active"": 42, ""repealed"": 29, ""unknown"": 29}",False,True
60,relaxed_order,120,200,100,10,5,0.44,0.5,0.62,9.309,9.768,9.768,50,"{""active"": 29, ""repealed"": 10, ""unknown"": 11}",False,True
60,relaxed_order,120,200,100,15,5,0.44,0.5,0.62,9.179,9.354,9.354,75,"{""active"": 38, ""repealed"": 18, ""unknown"": 19}",False,True
60,relaxed_order,120,200,100,20,5,0.44,0.5,0.62,9.033,9.49,9.49,100,"{""active"": 42, ""repealed"": 29, ""unknown"": 29}",False,True
