"query_id","language","intent","content_domain","status_scope","answerable","split","expected_provisions","technical_expected_result","reviewer_batch_ref","correct_authority","correct_version","correct_provision","citation_supports_claim","material_omission","unsafe_legal_conclusion","preferred_answer","reviewer_comments","reviewer_name","review_date"
"HY-SEM-001","hy","armenian_semantic","knowledge_base","current","true","train","N 557-Ն","expected_document_ids=003ca036-0876-4fe1-ad38-7d88f219719b expected_provisions=N 557-Ն answerable=true","AUDIT_REPORTS/artifacts/prompt19_3_review/review_batch_a.jsonl (query_id=HY-SEM-001)","","","","","","","","","",""
"HY-SEM-002","hy","armenian_semantic","knowledge_base","current","true","train","N 1086-Ն","expected_document_ids=07b45ec2-4405-426e-bc25-df3cc3d90c93 expected_provisions=N 1086-Ն answerable=true","AUDIT_REPORTS/artifacts/prompt19_3_review/review_batch_a.jsonl (query_id=HY-SEM-002)","","","","","","","","","",""
"HY-SEM-003","hy","armenian_semantic","knowledge_base","current","true","train","N 558-Ն","expected_document_ids=0855b378-ac84-48c7-9cef-219579effc0a expected_provisions=N 558-Ն answerable=true","AUDIT_REPORTS/artifacts/prompt19_3_review/review_batch_a.jsonl (query_id=HY-SEM-003)","","","","","","","","","",""
"HY-SEM-004","hy","armenian_semantic","knowledge_base","current","true","train","N 1025-Ն","expected_document_ids=0a6e3f31-89d1-4b10-987f-327f5f692dfd expected_provisions=N 1025-Ն answerable=true","AUDIT_REPORTS/artifacts/prompt19_3_review/review_batch_a.jsonl (query_id=HY-SEM-004)","","","","","","","","","",""
"HY-SEM-005","hy","armenian_semantic","knowledge_base","current","true","train","N 482-Ա","expected_document_ids=0a7a7a6a-a307-40ff-8262-836447f95379 expected_provisions=N 482-Ա answerable=true","AUDIT_REPORTS/artifacts/prompt19_3_review/review_batch_a.jsonl (query_id=HY-SEM-005)","","","","","","","","","",""
"HY-SEM-006","hy","armenian_semantic","knowledge_base","current","true","train","N 1102-Ա","expected_document_ids=0aa77aab-2a8e-4850-8959-f8fc0ecaaa30 expected_provisions=N 1102-Ա answerable=true","AUDIT_REPORTS/artifacts/prompt19_3_review/review_batch_a.jsonl (query_id=HY-SEM-006)","","","","","","","","","",""
"HY-SEM-007","hy","armenian_semantic","knowledge_base","current","true","train","թիվ 130","expected_document_ids=0c2fdf35-7535-4ff2-8711-c656c89213df expected_provisions=թիվ 130 answerable=true","AUDIT_REPORTS/artifacts/prompt19_3_review/review_batch_a.jsonl (query_id=HY-SEM-007)","","","","","","","","","",""
"HY-SEM-008","hy","armenian_semantic","knowledge_base","current","true","train","N 1163-Ա","expected_document_ids=0d6d74e5-1690-4a75-9bdf-0d8687676691 expected_provisions=N 1163-Ա answerable=true","AUDIT_REPORTS/artifacts/prompt19_3_review/review_batch_a.jsonl (query_id=HY-SEM-008)","","","","","","","","","",""
"HY-SEM-009","hy","armenian_semantic","knowledge_base","current","true","train","N 2318-Ա","expected_document_ids=0f868936-84bc-4685-9fff-912068ca5dbd expected_provisions=N 2318-Ա answerable=true","AUDIT_REPORTS/artifacts/prompt19_3_review/review_batch_a.jsonl (query_id=HY-SEM-009)","","","","","","","","","",""
"HY-SEM-010","hy","armenian_semantic","knowledge_base","current","true","train","N 482-Ա","expected_document_ids=15d020ed-88b6-4fc8-90d2-7643d2cccb9f expected_provisions=N 482-Ա answerable=true","AUDIT_REPORTS/artifacts/prompt19_3_review/review_batch_a.jsonl (query_id=HY-SEM-010)","","","","","","","","","",""
"HY-SEM-011","hy","armenian_semantic","knowledge_base","current","true","train","N 1079-Լ","expected_document_ids=161dce66-3cde-4b92-8830-c8cdbbc0caed expected_provisions=N 1079-Լ answerable=true","AUDIT_REPORTS/artifacts/prompt19_3_review/review_batch_a.jsonl (query_id=HY-SEM-011)","","","","","","","","","",""
"HY-SEM-012","hy","armenian_semantic","knowledge_base","current","true","train","N 993-Ն","expected_document_ids=170c692d-7c32-404f-a23e-0f616a05743f expected_provisions=N 993-Ն answerable=true","AUDIT_REPORTS/artifacts/prompt19_3_review/review_batch_a.jsonl (query_id=HY-SEM-012)","","","","","","","","","",""
"HY-SEM-013","hy","armenian_semantic","knowledge_base","current","true","train","N 492-Ա","expected_document_ids=17b30913-8068-4559-a92e-d06dd80fecea expected_provisions=N 492-Ա answerable=true","AUDIT_REPORTS/artifacts/prompt19_3_review/review_batch_a.jsonl (query_id=HY-SEM-013)","","","","","","","","","",""
"HY-SEM-014","hy","armenian_semantic","knowledge_base","current","true","train","N 1058-Ա","expected_document_ids=17ed448d-e6d9-443d-987a-851114aa6cae expected_provisions=N 1058-Ա answerable=true","AUDIT_REPORTS/artifacts/prompt19_3_review/review_batch_a.jsonl (query_id=HY-SEM-014)","","","","","","","","","",""
"HY-SEM-015","hy","armenian_semantic","knowledge_base","current","true","train","N 2367-Ա","expected_document_ids=18767f7a-6777-416b-85c6-dcc903561a38 expected_provisions=N 2367-Ա answerable=true","AUDIT_REPORTS/artifacts/prompt19_3_review/review_batch_a.jsonl (query_id=HY-SEM-015)","","","","","","","","","",""
"HY-SEM-016","hy","armenian_semantic","knowledge_base","current","true","train","N 1212-Ա","expected_document_ids=1a444762-9bb6-4b45-b908-add973f1323a expected_provisions=N 1212-Ա answerable=true","AUDIT_REPORTS/artifacts/prompt19_3_review/review_batch_a.jsonl (query_id=HY-SEM-016)","","","","","","","","","",""
"HY-SEM-017","hy","armenian_semantic","knowledge_base","current","true","train","N 2327-Ա","expected_document_ids=1a82f12c-f2aa-4c23-8e05-1615520159f1 expected_provisions=N 2327-Ա answerable=true","AUDIT_REPORTS/artifacts/prompt19_3_review/review_batch_a.jsonl (query_id=HY-SEM-017)","","","","","","","","","",""
"HY-SEM-018","hy","armenian_semantic","knowledge_base","current","true","train","N 1145-Ա","expected_document_ids=1b24b821-2b25-4370-bd4b-6e749801c5e8 expected_provisions=N 1145-Ա answerable=true","AUDIT_REPORTS/artifacts/prompt19_3_review/review_batch_a.jsonl (query_id=HY-SEM-018)","","","","","","","","","",""
"HY-SEM-019","hy","armenian_semantic","knowledge_base","current","true","train","N 515-Ա","expected_document_ids=1de41f2c-f75a-4f05-b00c-b1966dd3d12b expected_provisions=N 515-Ա answerable=true","AUDIT_REPORTS/artifacts/prompt19_3_review/review_batch_a.jsonl (query_id=HY-SEM-019)","","","","","","","","","",""
"HY-SEM-020","hy","armenian_semantic","knowledge_base","current","true","train","թիվ 20","expected_document_ids=1e46537b-3a2c-4c9b-857e-8a9ce401c4e1 expected_provisions=թիվ 20 answerable=true","AUDIT_REPORTS/artifacts/prompt19_3_review/review_batch_a.jsonl (query_id=HY-SEM-020)","","","","","","","","","",""
"HY-SEM-021","hy","armenian_semantic","knowledge_base","current","true","train","N 1078-Ա","expected_document_ids=1e562caa-48aa-4c25-a565-8d663a420ab9 expected_provisions=N 1078-Ա answerable=true","AUDIT_REPORTS/artifacts/prompt19_3_review/review_batch_a.jsonl (query_id=HY-SEM-021)","","","","","","","","","",""
"HY-SEM-022","hy","armenian_semantic","knowledge_base","current","true","train","N 1603-Ա","expected_document_ids=1e6e33df-0903-438e-a036-09ad4f75ad79 expected_provisions=N 1603-Ա answerable=true","AUDIT_REPORTS/artifacts/prompt19_3_review/review_batch_a.jsonl (query_id=HY-SEM-022)","","","","","","","","","",""
"HY-SEM-023","hy","armenian_semantic","knowledge_base","current","true","train","N 2201-Ա","expected_document_ids=2103e46a-db03-4744-88d7-d4dd9f9cdba4 expected_provisions=N 2201-Ա answerable=true","AUDIT_REPORTS/artifacts/prompt19_3_review/review_batch_a.jsonl (query_id=HY-SEM-023)","","","","","","","","","",""
"HY-SEM-024","hy","armenian_semantic","knowledge_base","current","true","train","N 541-Ա","expected_document_ids=22ea934f-049d-43d0-a916-b2788a3e0f71 expected_provisions=N 541-Ա answerable=true","AUDIT_REPORTS/artifacts/prompt19_3_review/review_batch_a.jsonl (query_id=HY-SEM-024)","","","","","","","","","",""
"HY-SEM-025","hy","armenian_semantic","knowledge_base","current","true","train","N 1171-Ա","expected_document_ids=231836f5-12ad-44a1-8a54-e6c1e95d7910 expected_provisions=N 1171-Ա answerable=true","AUDIT_REPORTS/artifacts/prompt19_3_review/review_batch_a.jsonl (query_id=HY-SEM-025)","","","","","","","","","",""
"HY-SEM-026","hy","armenian_semantic","knowledge_base","current","true","train","թիվ 78","expected_document_ids=24b78d92-e406-427a-aece-2c475ec1bd52 expected_provisions=թիվ 78 answerable=true","AUDIT_REPORTS/artifacts/prompt19_3_review/review_batch_a.jsonl (query_id=HY-SEM-026)","","","","","","","","","",""
"HY-SEM-027","hy","armenian_semantic","knowledge_base","current","true","train","N 1153-Ն","expected_document_ids=259cb24a-4f3f-433b-bd38-7512f2623ac1 expected_provisions=N 1153-Ն answerable=true","AUDIT_REPORTS/artifacts/prompt19_3_review/review_batch_a.jsonl (query_id=HY-SEM-027)","","","","","","","","","",""
"HY-SEM-028","hy","armenian_semantic","knowledge_base","current","true","train","N 486-Ա","expected_document_ids=29b003ad-1aab-46ac-9c3b-ca102a1d6928 expected_provisions=N 486-Ա answerable=true","AUDIT_REPORTS/artifacts/prompt19_3_review/review_batch_a.jsonl (query_id=HY-SEM-028)","","","","","","","","","",""
"HY-SEM-029","hy","armenian_semantic","knowledge_base","current","true","train","N 1093-Ա","expected_document_ids=2a2ca252-2734-4ade-9f7c-6df66b42bf9d expected_provisions=N 1093-Ա answerable=true","AUDIT_REPORTS/artifacts/prompt19_3_review/review_batch_a.jsonl (query_id=HY-SEM-029)","","","","","","","","","",""
"HY-SEM-030","hy","armenian_semantic","knowledge_base","current","true","train","N 1197-Ա","expected_document_ids=2c92ab7e-f157-4353-942b-0f87a1361c78 expected_provisions=N 1197-Ա answerable=true","AUDIT_REPORTS/artifacts/prompt19_3_review/review_batch_a.jsonl (query_id=HY-SEM-030)","","","","","","","","","",""
"HY-SEM-031","hy","armenian_semantic","knowledge_base","current","true","train","N 2317-Ա","expected_document_ids=2cab32b3-a88c-4349-9db3-fab6f3af7906 expected_provisions=N 2317-Ա answerable=true","AUDIT_REPORTS/artifacts/prompt19_3_review/review_batch_a.jsonl (query_id=HY-SEM-031)","","","","","","","","","",""
"HY-SEM-032","hy","armenian_semantic","knowledge_base","current","true","train","N 1116-Ա","expected_document_ids=2d2e2a95-5b54-450d-88d5-26ffc571fb47 expected_provisions=N 1116-Ա answerable=true","AUDIT_REPORTS/artifacts/prompt19_3_review/review_batch_a.jsonl (query_id=HY-SEM-032)","","","","","","","","","",""
"HY-SEM-033","hy","armenian_semantic","knowledge_base","current","true","train","N 1167-Ա","expected_document_ids=2fa20d07-17f4-4a08-82df-8da86778e356 expected_provisions=N 1167-Ա answerable=true","AUDIT_REPORTS/artifacts/prompt19_3_review/review_batch_a.jsonl (query_id=HY-SEM-033)","","","","","","","","","",""
"HY-SEM-034","hy","armenian_semantic","knowledge_base","current","true","train","N 1028-Ա","expected_document_ids=305ab69f-6cdc-4998-b72e-8bbd52ed5ad5 expected_provisions=N 1028-Ա answerable=true","AUDIT_REPORTS/artifacts/prompt19_3_review/review_batch_a.jsonl (query_id=HY-SEM-034)","","","","","","","","","",""
"HY-SEM-035","hy","armenian_semantic","knowledge_base","current","true","train","N 1016-Լ","expected_document_ids=3077a4a8-f79e-4f21-a2b9-9da5151c4160 expected_provisions=N 1016-Լ answerable=true","AUDIT_REPORTS/artifacts/prompt19_3_review/review_batch_a.jsonl (query_id=HY-SEM-035)","","","","","","","","","",""
"HY-SEM-036","hy","armenian_semantic","knowledge_base","current","true","train","N 1057-Ա","expected_document_ids=31d0ecae-4ced-4f97-8e2a-769a57a7b994 expected_provisions=N 1057-Ա answerable=true","AUDIT_REPORTS/artifacts/prompt19_3_review/review_batch_a.jsonl (query_id=HY-SEM-036)","","","","","","","","","",""
"HY-SEM-037","hy","armenian_semantic","knowledge_base","current","true","train","N 1034-Ն","expected_document_ids=31e8224e-73bc-4a9e-b54b-5cfc2439368e expected_provisions=N 1034-Ն answerable=true","AUDIT_REPORTS/artifacts/prompt19_3_review/review_batch_a.jsonl (query_id=HY-SEM-037)","","","","","","","","","",""
"HY-SEM-038","hy","armenian_semantic","knowledge_base","current","true","train","N 2236-Ա","expected_document_ids=3f24158d-0ad9-4e66-8fa6-98892fc8f1c5 expected_provisions=N 2236-Ա answerable=true","AUDIT_REPORTS/artifacts/prompt19_3_review/review_batch_a.jsonl (query_id=HY-SEM-038)","","","","","","","","","",""
"HY-SEM-039","hy","armenian_semantic","knowledge_base","current","true","train","N 1056-Լ","expected_document_ids=407f2ac1-4fc1-4ffb-b3f4-c0997a3bec1a expected_provisions=N 1056-Լ answerable=true","AUDIT_REPORTS/artifacts/prompt19_3_review/review_batch_a.jsonl (query_id=HY-SEM-039)","","","","","","","","","",""
"HY-SEM-040","hy","armenian_semantic","knowledge_base","current","true","train","N 2285-Ա","expected_document_ids=42e95d9f-424b-4995-8981-5ad08a825001 expected_provisions=N 2285-Ա answerable=true","AUDIT_REPORTS/artifacts/prompt19_3_review/review_batch_a.jsonl (query_id=HY-SEM-040)","","","","","","","","","",""
"HY-SEM-041","hy","armenian_semantic","knowledge_base","current","true","train","N 1155-Ա","expected_document_ids=44d9d387-55d7-4d29-8734-41835864da8d expected_provisions=N 1155-Ա answerable=true","AUDIT_REPORTS/artifacts/prompt19_3_review/review_batch_a.jsonl (query_id=HY-SEM-041)","","","","","","","","","",""
"HY-SEM-042","hy","armenian_semantic","knowledge_base","current","true","train","N 1135-Ա","expected_document_ids=49e5c0dd-b22b-432f-b3a8-c65e47f6e664 expected_provisions=N 1135-Ա answerable=true","AUDIT_REPORTS/artifacts/prompt19_3_review/review_batch_a.jsonl (query_id=HY-SEM-042)","","","","","","","","","",""
"HY-SEM-043","hy","armenian_semantic","knowledge_base","current","true","train","N 2301-Ա","expected_document_ids=49e6b7e0-6e8e-4690-9913-ffb0823f62e2 expected_provisions=N 2301-Ա answerable=true","AUDIT_REPORTS/artifacts/prompt19_3_review/review_batch_a.jsonl (query_id=HY-SEM-043)","","","","","","","","","",""
"HY-SEM-044","hy","armenian_semantic","knowledge_base","current","true","train","N 1055-Ա","expected_document_ids=4bd76588-420c-4821-801c-cfff8de1ba2c expected_provisions=N 1055-Ա answerable=true","AUDIT_REPORTS/artifacts/prompt19_3_review/review_batch_a.jsonl (query_id=HY-SEM-044)","","","","","","","","","",""
"HY-SEM-045","hy","armenian_semantic","knowledge_base","current","true","train","թիվ 69","expected_document_ids=50cf3257-2e37-429f-a6f1-2daa413678d7 expected_provisions=թիվ 69 answerable=true","AUDIT_REPORTS/artifacts/prompt19_3_review/review_batch_a.jsonl (query_id=HY-SEM-045)","","","","","","","","","",""
"HY-SEM-046","hy","armenian_semantic","knowledge_base","current","true","train","N 1003-Ա","expected_document_ids=5456a70f-562d-412f-b223-d9c92a02f4bd expected_provisions=N 1003-Ա answerable=true","AUDIT_REPORTS/artifacts/prompt19_3_review/review_batch_a.jsonl (query_id=HY-SEM-046)","","","","","","","","","",""
"HY-SEM-047","hy","armenian_semantic","knowledge_base","current","true","train","թիվ 114","expected_document_ids=556852d3-4683-4f00-8fe6-463bbcaf0560 expected_provisions=թիվ 114 answerable=true","AUDIT_REPORTS/artifacts/prompt19_3_review/review_batch_a.jsonl (query_id=HY-SEM-047)","","","","","","","","","",""
"HY-SEM-048","hy","armenian_semantic","knowledge_base","current","true","train","N 1062-Ա","expected_document_ids=5818f0cf-f2c8-460c-b695-be792b418a94 expected_provisions=N 1062-Ա answerable=true","AUDIT_REPORTS/artifacts/prompt19_3_review/review_batch_a.jsonl (query_id=HY-SEM-048)","","","","","","","","","",""
"HY-SEM-049","hy","armenian_semantic","knowledge_base","current","true","train","N 2059-Ա","expected_document_ids=58279e35-f36f-42bc-9d0a-946b57753252 expected_provisions=N 2059-Ա answerable=true","AUDIT_REPORTS/artifacts/prompt19_3_review/review_batch_a.jsonl (query_id=HY-SEM-049)","","","","","","","","","",""
"HY-SEM-050","hy","armenian_semantic","knowledge_base","current","true","train","N 1029-Ա","expected_document_ids=58ec2715-a4dd-4db6-ae7b-e239dbaa99ae expected_provisions=N 1029-Ա answerable=true","AUDIT_REPORTS/artifacts/prompt19_3_review/review_batch_a.jsonl (query_id=HY-SEM-050)","","","","","","","","","",""
"HY-SEM-051","hy","armenian_semantic","knowledge_base","current","true","train","N 1162-Ա","expected_document_ids=58f9c3a8-86a4-4991-b40b-743d9066e75a expected_provisions=N 1162-Ա answerable=true","AUDIT_REPORTS/artifacts/prompt19_3_review/review_batch_a.jsonl (query_id=HY-SEM-051)","","","","","","","","","",""
"HY-SEM-052","hy","armenian_semantic","knowledge_base","current","true","train","N 1195-Ա","expected_document_ids=5934cfee-08e6-49fc-afd6-4ace00b7c092 expected_provisions=N 1195-Ա answerable=true","AUDIT_REPORTS/artifacts/prompt19_3_review/review_batch_a.jsonl (query_id=HY-SEM-052)","","","","","","","","","",""
"HY-SEM-053","hy","armenian_semantic","knowledge_base","current","true","train","N 1198-Ա","expected_document_ids=5a5b80a8-702a-474c-b59c-858f94e4f66f expected_provisions=N 1198-Ա answerable=true","AUDIT_REPORTS/artifacts/prompt19_3_review/review_batch_a.jsonl (query_id=HY-SEM-053)","","","","","","","","","",""
"HY-SEM-054","hy","armenian_semantic","knowledge_base","current","true","train","N 1071-Ա","expected_document_ids=5b1432f5-1b41-4168-8272-83689c4091ef expected_provisions=N 1071-Ա answerable=true","AUDIT_REPORTS/artifacts/prompt19_3_review/review_batch_a.jsonl (query_id=HY-SEM-054)","","","","","","","","","",""
"HY-SEM-055","hy","armenian_semantic","knowledge_base","current","true","train","N 1139-Ա","expected_document_ids=6043a73e-1fcf-4006-8fc1-e193d3210bc6 expected_provisions=N 1139-Ա answerable=true","AUDIT_REPORTS/artifacts/prompt19_3_review/review_batch_a.jsonl (query_id=HY-SEM-055)","","","","","","","","","",""
"HY-SEM-056","hy","armenian_semantic","knowledge_base","current","true","train","N 2180-Ա","expected_document_ids=6a5c1ba6-dbd1-4221-afa6-c553b8f60456 expected_provisions=N 2180-Ա answerable=true","AUDIT_REPORTS/artifacts/prompt19_3_review/review_batch_a.jsonl (query_id=HY-SEM-056)","","","","","","","","","",""
"HY-SEM-057","hy","armenian_semantic","knowledge_base","current","true","train","N 2210-Ա","expected_document_ids=6ac08336-c566-4952-b2fd-e60907d669ba expected_provisions=N 2210-Ա answerable=true","AUDIT_REPORTS/artifacts/prompt19_3_review/review_batch_a.jsonl (query_id=HY-SEM-057)","","","","","","","","","",""
"HY-SEM-058","hy","armenian_semantic","knowledge_base","current","true","train","N 1110-Ա","expected_document_ids=6be7b646-68eb-4830-97fe-a3b1b950ace6 expected_provisions=N 1110-Ա answerable=true","AUDIT_REPORTS/artifacts/prompt19_3_review/review_batch_a.jsonl (query_id=HY-SEM-058)","","","","","","","","","",""
"HY-SEM-059","hy","armenian_semantic","knowledge_base","current","true","train","N 2062-Ա","expected_document_ids=6c1832b6-ae2a-453e-9373-609e326fde7a expected_provisions=N 2062-Ա answerable=true","AUDIT_REPORTS/artifacts/prompt19_3_review/review_batch_a.jsonl (query_id=HY-SEM-059)","","","","","","","","","",""
"HY-SEM-060","hy","armenian_semantic","knowledge_base","current","true","train","N 2214-Ա","expected_document_ids=6c34ec0f-ab4e-488c-b00d-a4ada1a07e31 expected_provisions=N 2214-Ա answerable=true","AUDIT_REPORTS/artifacts/prompt19_3_review/review_batch_a.jsonl (query_id=HY-SEM-060)","","","","","","","","","",""
"HY-SEM-061","hy","armenian_semantic","knowledge_base","current","true","dev","N 1182-Ա","expected_document_ids=6d06e150-f457-446d-afef-5cd795fccd98 expected_provisions=N 1182-Ա answerable=true","AUDIT_REPORTS/artifacts/prompt19_3_review/review_batch_a.jsonl (query_id=HY-SEM-061)","","","","","","","","","",""
"HY-SEM-062","hy","armenian_semantic","knowledge_base","current","true","dev","N 996-Ա","expected_document_ids=6f11578d-c40e-4a28-8fa4-d927d73f007d expected_provisions=N 996-Ա answerable=true","AUDIT_REPORTS/artifacts/prompt19_3_review/review_batch_a.jsonl (query_id=HY-SEM-062)","","","","","","","","","",""
"HY-SEM-063","hy","armenian_semantic","knowledge_base","current","true","dev","N 994-Ա","expected_document_ids=71998f2a-5d7f-4c80-8c6a-4c022511514a expected_provisions=N 994-Ա answerable=true","AUDIT_REPORTS/artifacts/prompt19_3_review/review_batch_a.jsonl (query_id=HY-SEM-063)","","","","","","","","","",""
"HY-SEM-064","hy","armenian_semantic","knowledge_base","current","true","dev","N 1109-Ա","expected_document_ids=72c0d83e-c5d3-47aa-9b78-c0d9480ef57d expected_provisions=N 1109-Ա answerable=true","AUDIT_REPORTS/artifacts/prompt19_3_review/review_batch_a.jsonl (query_id=HY-SEM-064)","","","","","","","","","",""
"HY-SEM-065","hy","armenian_semantic","knowledge_base","current","true","dev","N 2328-Ա","expected_document_ids=74104d20-6f98-462f-8cd4-765465a294b8 expected_provisions=N 2328-Ա answerable=true","AUDIT_REPORTS/artifacts/prompt19_3_review/review_batch_a.jsonl (query_id=HY-SEM-065)","","","","","","","","","",""
"HY-SEM-066","hy","armenian_semantic","knowledge_base","current","true","dev","N 1066-Ա","expected_document_ids=7436cafa-37ba-40b7-92d3-c455dddce3e6 expected_provisions=N 1066-Ա answerable=true","AUDIT_REPORTS/artifacts/prompt19_3_review/review_batch_a.jsonl (query_id=HY-SEM-066)","","","","","","","","","",""
"HY-SEM-067","hy","armenian_semantic","knowledge_base","current","true","dev","N 475-Ա","expected_document_ids=766f7941-dc7d-40d9-bbab-974ba6c2b3f6 expected_provisions=N 475-Ա answerable=true","AUDIT_REPORTS/artifacts/prompt19_3_review/review_batch_a.jsonl (query_id=HY-SEM-067)","","","","","","","","","",""
"HY-SEM-068","hy","armenian_semantic","knowledge_base","current","true","dev","N 1156-Ա","expected_document_ids=777e193c-29b8-4458-9f95-b5817d200333 expected_provisions=N 1156-Ա answerable=true","AUDIT_REPORTS/artifacts/prompt19_3_review/review_batch_a.jsonl (query_id=HY-SEM-068)","","","","","","","","","",""
"HY-SEM-069","hy","armenian_semantic","knowledge_base","current","true","dev","N 27-Ն","expected_document_ids=786efa67-fcce-47be-9c25-3c9f5e08185d expected_provisions=N 27-Ն answerable=true","AUDIT_REPORTS/artifacts/prompt19_3_review/review_batch_a.jsonl (query_id=HY-SEM-069)","","","","","","","","","",""
"HY-SEM-070","hy","armenian_semantic","knowledge_base","current","true","dev","N 1035-Լ","expected_document_ids=7af436d4-03b6-451b-8dec-709d226445ac expected_provisions=N 1035-Լ answerable=true","AUDIT_REPORTS/artifacts/prompt19_3_review/review_batch_a.jsonl (query_id=HY-SEM-070)","","","","","","","","","",""
"HY-SEM-071","hy","armenian_semantic","knowledge_base","current","true","dev","N 1170-Ա","expected_document_ids=7c3c2d23-ffcb-4f09-9f34-6acabfde68b6 expected_provisions=N 1170-Ա answerable=true","AUDIT_REPORTS/artifacts/prompt19_3_review/review_batch_a.jsonl (query_id=HY-SEM-071)","","","","","","","","","",""
"HY-SEM-072","hy","armenian_semantic","knowledge_base","current","true","dev","N 1123-Լ","expected_document_ids=7c49fcc6-fe73-40b4-9f2b-cca2f6bec464 expected_provisions=N 1123-Լ answerable=true","AUDIT_REPORTS/artifacts/prompt19_3_review/review_batch_a.jsonl (query_id=HY-SEM-072)","","","","","","","","","",""
"HY-SEM-073","hy","armenian_semantic","knowledge_base","current","true","dev","N 2213-Ա","expected_document_ids=7ca7e1bf-6e8a-41d8-a2d8-6d028eb46459 expected_provisions=N 2213-Ա answerable=true","AUDIT_REPORTS/artifacts/prompt19_3_review/review_batch_a.jsonl (query_id=HY-SEM-073)","","","","","","","","","",""
"HY-SEM-074","hy","armenian_semantic","knowledge_base","current","true","dev","N 1079-Ա","expected_document_ids=7fc3a30f-f4ba-47e2-af59-55e164a09403 expected_provisions=N 1079-Ա answerable=true","AUDIT_REPORTS/artifacts/prompt19_3_review/review_batch_a.jsonl (query_id=HY-SEM-074)","","","","","","","","","",""
"HY-SEM-075","hy","armenian_semantic","knowledge_base","current","true","dev","N 470-Ա","expected_document_ids=802bac89-dcc2-492c-86e6-3af4b5a4305b expected_provisions=N 470-Ա answerable=true","AUDIT_REPORTS/artifacts/prompt19_3_review/review_batch_a.jsonl (query_id=HY-SEM-075)","","","","","","","","","",""
"HY-SEM-076","hy","armenian_semantic","knowledge_base","current","true","dev","թիվ 43-Ն","expected_document_ids=809003ac-b85b-4a0c-9e3a-d4cc899055e1 expected_provisions=թիվ 43-Ն answerable=true","AUDIT_REPORTS/artifacts/prompt19_3_review/review_batch_a.jsonl (query_id=HY-SEM-076)","","","","","","","","","",""
"HY-SEM-077","hy","armenian_semantic","knowledge_base","current","true","dev","N 1021-Ա","expected_document_ids=8203b544-7acf-4cbf-bb84-169f93eb344c expected_provisions=N 1021-Ա answerable=true","AUDIT_REPORTS/artifacts/prompt19_3_review/review_batch_a.jsonl (query_id=HY-SEM-077)","","","","","","","","","",""
"HY-SEM-078","hy","armenian_semantic","knowledge_base","current","true","dev","N 1063-Ա","expected_document_ids=8511c53c-82c8-4fb1-a639-1381736b2d69 expected_provisions=N 1063-Ա answerable=true","AUDIT_REPORTS/artifacts/prompt19_3_review/review_batch_a.jsonl (query_id=HY-SEM-078)","","","","","","","","","",""
"HY-SEM-079","hy","armenian_semantic","knowledge_base","current","true","dev","թիվ 106-Ա","expected_document_ids=86172bbf-3eec-4dc3-9ca3-2fdca8faf232 expected_provisions=թիվ 106-Ա answerable=true","AUDIT_REPORTS/artifacts/prompt19_3_review/review_batch_a.jsonl (query_id=HY-SEM-079)","","","","","","","","","",""
"HY-SEM-080","hy","armenian_semantic","knowledge_base","current","true","dev","N 1051-Ա","expected_document_ids=8627a6aa-9909-48ad-8728-9a24003e79ce expected_provisions=N 1051-Ա answerable=true","AUDIT_REPORTS/artifacts/prompt19_3_review/review_batch_a.jsonl (query_id=HY-SEM-080)","","","","","","","","","",""
"HY-SEM-081","hy","armenian_semantic","knowledge_base","current","true","test","N 1114-Ա","expected_document_ids=867c653d-6136-4c8e-8860-bc54c880f7fe expected_provisions=N 1114-Ա answerable=true","AUDIT_REPORTS/artifacts/prompt19_3_review/review_batch_a.jsonl (query_id=HY-SEM-081)","","","","","","","","","",""
"HY-SEM-082","hy","armenian_semantic","knowledge_base","current","true","test","N 1088-Ա","expected_document_ids=8749dbf3-a945-4b50-9665-8cd7a3e4edb2 expected_provisions=N 1088-Ա answerable=true","AUDIT_REPORTS/artifacts/prompt19_3_review/review_batch_a.jsonl (query_id=HY-SEM-082)","","","","","","","","","",""
"HY-SEM-083","hy","armenian_semantic","knowledge_base","current","true","test","N 1095-Ն","expected_document_ids=8845caa1-6d30-4f97-81f6-2e5f2d8037fe expected_provisions=N 1095-Ն answerable=true","AUDIT_REPORTS/artifacts/prompt19_3_review/review_batch_a.jsonl (query_id=HY-SEM-083)","","","","","","","","","",""
"HY-SEM-084","hy","armenian_semantic","knowledge_base","current","true","test","N 1130-Ա","expected_document_ids=895b2558-0828-4280-89b5-967909125077 expected_provisions=N 1130-Ա answerable=true","AUDIT_REPORTS/artifacts/prompt19_3_review/review_batch_a.jsonl (query_id=HY-SEM-084)","","","","","","","","","",""
"HY-SEM-085","hy","armenian_semantic","knowledge_base","current","true","test","N 1073-Ա","expected_document_ids=8deca94c-3587-43a9-a43a-02959cbdb498 expected_provisions=N 1073-Ա answerable=true","AUDIT_REPORTS/artifacts/prompt19_3_review/review_batch_a.jsonl (query_id=HY-SEM-085)","","","","","","","","","",""
"HY-SEM-086","hy","armenian_semantic","knowledge_base","current","true","test","N 1043-Ա","expected_document_ids=8e48c8b4-c7ec-4ef5-9774-ba4b37cc4688 expected_provisions=N 1043-Ա answerable=true","AUDIT_REPORTS/artifacts/prompt19_3_review/review_batch_a.jsonl (query_id=HY-SEM-086)","","","","","","","","","",""
"HY-SEM-087","hy","armenian_semantic","knowledge_base","current","true","test","N 1184-Ա","expected_document_ids=8fa16041-96f5-469d-8950-482e3c0c5706 expected_provisions=N 1184-Ա answerable=true","AUDIT_REPORTS/artifacts/prompt19_3_review/review_batch_a.jsonl (query_id=HY-SEM-087)","","","","","","","","","",""
"HY-SEM-088","hy","armenian_semantic","knowledge_base","current","true","test","N 1147-Ա","expected_document_ids=92631721-9961-49f0-ac27-36566214b2dd expected_provisions=N 1147-Ա answerable=true","AUDIT_REPORTS/artifacts/prompt19_3_review/review_batch_a.jsonl (query_id=HY-SEM-088)","","","","","","","","","",""
"HY-SEM-089","hy","armenian_semantic","knowledge_base","current","true","test","N 1050-Ա","expected_document_ids=9431748f-6523-4465-bc11-1dcf26c91887 expected_provisions=N 1050-Ա answerable=true","AUDIT_REPORTS/artifacts/prompt19_3_review/review_batch_a.jsonl (query_id=HY-SEM-089)","","","","","","","","","",""
"HY-SEM-090","hy","armenian_semantic","knowledge_base","current","true","test","N 1091-Ն","expected_document_ids=9690cdcd-4db9-42ac-b892-c9d664296cac expected_provisions=N 1091-Ն answerable=true","AUDIT_REPORTS/artifacts/prompt19_3_review/review_batch_a.jsonl (query_id=HY-SEM-090)","","","","","","","","","",""
"HY-SEM-091","hy","armenian_semantic","knowledge_base","current","true","test","N 1140-Ա","expected_document_ids=99deda50-ef98-4288-8be2-376216a648ca expected_provisions=N 1140-Ա answerable=true","AUDIT_REPORTS/artifacts/prompt19_3_review/review_batch_a.jsonl (query_id=HY-SEM-091)","","","","","","","","","",""
"HY-SEM-092","hy","armenian_semantic","knowledge_base","current","true","test","N 36-Ն","expected_document_ids=9bee21bd-c54c-4620-9d38-792553569d2d expected_provisions=N 36-Ն answerable=true","AUDIT_REPORTS/artifacts/prompt19_3_review/review_batch_a.jsonl (query_id=HY-SEM-092)","","","","","","","","","",""
"HY-SEM-093","hy","armenian_semantic","knowledge_base","current","true","test","N 1082-Ա","expected_document_ids=9e10f83a-2b3e-4d71-a53e-c0584346da70 expected_provisions=N 1082-Ա answerable=true","AUDIT_REPORTS/artifacts/prompt19_3_review/review_batch_a.jsonl (query_id=HY-SEM-093)","","","","","","","","","",""
"HY-SEM-094","hy","armenian_semantic","knowledge_base","current","true","test","N 2232-Ա","expected_document_ids=a2efb856-4523-4250-8c0b-8c3cbe5db5a5 expected_provisions=N 2232-Ա answerable=true","AUDIT_REPORTS/artifacts/prompt19_3_review/review_batch_a.jsonl (query_id=HY-SEM-094)","","","","","","","","","",""
"HY-SEM-095","hy","armenian_semantic","knowledge_base","current","true","test","N 1055-Ա","expected_document_ids=a3a4ced9-eb58-4640-b5bb-e70a173f354a expected_provisions=N 1055-Ա answerable=true","AUDIT_REPORTS/artifacts/prompt19_3_review/review_batch_a.jsonl (query_id=HY-SEM-095)","","","","","","","","","",""
"HY-SEM-096","hy","armenian_semantic","knowledge_base","current","true","test","N 1037-Ա","expected_document_ids=a42764b5-04d0-4bdf-8ec5-3cc59364ecde expected_provisions=N 1037-Ա answerable=true","AUDIT_REPORTS/artifacts/prompt19_3_review/review_batch_a.jsonl (query_id=HY-SEM-096)","","","","","","","","","",""
"HY-SEM-097","hy","armenian_semantic","knowledge_base","current","true","test","N 1067-Ա","expected_document_ids=a68b650c-8d99-461c-b034-d89726d4d2d2 expected_provisions=N 1067-Ա answerable=true","AUDIT_REPORTS/artifacts/prompt19_3_review/review_batch_a.jsonl (query_id=HY-SEM-097)","","","","","","","","","",""
"HY-SEM-098","hy","armenian_semantic","knowledge_base","current","true","test","N 1105-Ա","expected_document_ids=a9b2f537-eb47-4777-b3a5-832141376d9e expected_provisions=N 1105-Ա answerable=true","AUDIT_REPORTS/artifacts/prompt19_3_review/review_batch_a.jsonl (query_id=HY-SEM-098)","","","","","","","","","",""
"HY-SEM-099","hy","armenian_semantic","knowledge_base","current","true","test","N 1075-Ա","expected_document_ids=aab7dade-e6d7-486d-81f1-9f2a5d2a00f1 expected_provisions=N 1075-Ա answerable=true","AUDIT_REPORTS/artifacts/prompt19_3_review/review_batch_a.jsonl (query_id=HY-SEM-099)","","","","","","","","","",""
"HY-SEM-100","hy","armenian_semantic","knowledge_base","current","true","test","N 1096-Ն","expected_document_ids=b020d822-bdee-4792-b478-ff447ba7ed48 expected_provisions=N 1096-Ն answerable=true","AUDIT_REPORTS/artifacts/prompt19_3_review/review_batch_a.jsonl (query_id=HY-SEM-100)","","","","","","","","","",""
"EXACT-001","hy","exact_law_article","knowledge_base","current","true","train","N 1044-Ա","expected_document_ids=b0a39785-8f5d-4e54-ac23-9bfd0d2bcf08 expected_provisions=N 1044-Ա answerable=true","AUDIT_REPORTS/artifacts/prompt19_3_review/review_batch_a.jsonl (query_id=EXACT-001)","","","","","","","","","",""
"EXACT-002","hy","exact_law_article","knowledge_base","current","true","train","N 976-Ն","expected_document_ids=b1b396a3-f571-4f4d-a3e2-e6d8bf32e453 expected_provisions=N 976-Ն answerable=true","AUDIT_REPORTS/artifacts/prompt19_3_review/review_batch_a.jsonl (query_id=EXACT-002)","","","","","","","","","",""
"EXACT-003","hy","exact_law_article","knowledge_base","current","true","train","N 2190-Ա","expected_document_ids=b1fd05c4-f477-47b2-90a1-478725f0ff30 expected_provisions=N 2190-Ա answerable=true","AUDIT_REPORTS/artifacts/prompt19_3_review/review_batch_a.jsonl (query_id=EXACT-003)","","","","","","","","","",""
"EXACT-004","hy","exact_law_article","knowledge_base","current","true","train","N 995-Ա","expected_document_ids=b2d55193-69af-4c00-b568-46a4a55bf4c1 expected_provisions=N 995-Ա answerable=true","AUDIT_REPORTS/artifacts/prompt19_3_review/review_batch_a.jsonl (query_id=EXACT-004)","","","","","","","","","",""
"EXACT-005","hy","exact_law_article","knowledge_base","current","true","train","N 479-Ա","expected_document_ids=b4c16df9-1763-4495-94bb-027f848c23eb expected_provisions=N 479-Ա answerable=true","AUDIT_REPORTS/artifacts/prompt19_3_review/review_batch_a.jsonl (query_id=EXACT-005)","","","","","","","","","",""
"EXACT-006","hy","exact_law_article","knowledge_base","current","true","train","N 1024-Ա","expected_document_ids=b5c814f3-0823-4dc5-a4bd-616906bd0949 expected_provisions=N 1024-Ա answerable=true","AUDIT_REPORTS/artifacts/prompt19_3_review/review_batch_a.jsonl (query_id=EXACT-006)","","","","","","","","","",""
"EXACT-007","hy","exact_law_article","knowledge_base","current","true","train","N 1134-Ա","expected_document_ids=b6667a02-0dc9-48b9-9cd2-4f794c77ea00 expected_provisions=N 1134-Ա answerable=true","AUDIT_REPORTS/artifacts/prompt19_3_review/review_batch_a.jsonl (query_id=EXACT-007)","","","","","","","","","",""
"EXACT-008","hy","exact_law_article","knowledge_base","current","true","train","N 1176-Ա","expected_document_ids=b7f4426f-506d-4af0-b42b-0eb46b4cb584 expected_provisions=N 1176-Ա answerable=true","AUDIT_REPORTS/artifacts/prompt19_3_review/review_batch_a.jsonl (query_id=EXACT-008)","","","","","","","","","",""
"EXACT-009","hy","exact_law_article","knowledge_base","current","true","train","N 520-Ն","expected_document_ids=bb61fa92-f4fa-4532-94e4-176b5b805500 expected_provisions=N 520-Ն answerable=true","AUDIT_REPORTS/artifacts/prompt19_3_review/review_batch_a.jsonl (query_id=EXACT-009)","","","","","","","","","",""
"EXACT-010","hy","exact_law_article","knowledge_base","current","true","train","N 1200-Ա","expected_document_ids=bea807a7-e5bc-4171-94a4-81b4f8bd658b expected_provisions=N 1200-Ա answerable=true","AUDIT_REPORTS/artifacts/prompt19_3_review/review_batch_a.jsonl (query_id=EXACT-010)","","","","","","","","","",""
"EXACT-011","hy","exact_law_article","knowledge_base","current","true","train","N 548-Ա","expected_document_ids=bef9bba6-98bf-43e7-9589-6444f3249401 expected_provisions=N 548-Ա answerable=true","AUDIT_REPORTS/artifacts/prompt19_3_review/review_batch_a.jsonl (query_id=EXACT-011)","","","","","","","","","",""
"EXACT-012","hy","exact_law_article","knowledge_base","current","true","train","N 1054-Ա","expected_document_ids=bf6a8241-7d47-4c7f-b69e-bdfc56cccc47 expected_provisions=N 1054-Ա answerable=true","AUDIT_REPORTS/artifacts/prompt19_3_review/review_batch_a.jsonl (query_id=EXACT-012)","","","","","","","","","",""
"EXACT-013","hy","exact_law_article","knowledge_base","current","true","train","N 1025-Ա","expected_document_ids=c1f47562-939c-4f66-b7bf-853164db88f3 expected_provisions=N 1025-Ա answerable=true","AUDIT_REPORTS/artifacts/prompt19_3_review/review_batch_a.jsonl (query_id=EXACT-013)","","","","","","","","","",""
"EXACT-014","hy","exact_law_article","knowledge_base","current","true","train","N 1505-Ա","expected_document_ids=c24a4e5e-01ed-4503-ab94-26b8bb09103f expected_provisions=N 1505-Ա answerable=true","AUDIT_REPORTS/artifacts/prompt19_3_review/review_batch_a.jsonl (query_id=EXACT-014)","","","","","","","","","",""
"EXACT-015","hy","exact_law_article","knowledge_base","current","true","train","N 1074-Ա","expected_document_ids=c2b37df1-9922-4bcd-b561-ec78872add94 expected_provisions=N 1074-Ա answerable=true","AUDIT_REPORTS/artifacts/prompt19_3_review/review_batch_a.jsonl (query_id=EXACT-015)","","","","","","","","","",""
"EXACT-016","hy","exact_law_article","knowledge_base","current","true","train","N 1165-Ն","expected_document_ids=c52f6c11-bc86-4577-af06-e001b2554a3c expected_provisions=N 1165-Ն answerable=true","AUDIT_REPORTS/artifacts/prompt19_3_review/review_batch_a.jsonl (query_id=EXACT-016)","","","","","","","","","",""
"EXACT-017","hy","exact_law_article","knowledge_base","current","true","train","N 990-Ն","expected_document_ids=c63b21e9-5a7f-4e22-8116-1b1368c1476d expected_provisions=N 990-Ն answerable=true","AUDIT_REPORTS/artifacts/prompt19_3_review/review_batch_a.jsonl (query_id=EXACT-017)","","","","","","","","","",""
"EXACT-018","hy","exact_law_article","knowledge_base","current","true","train","N 1179-Ա","expected_document_ids=c76453ca-0006-4475-9dda-7f4d88c68fdd expected_provisions=N 1179-Ա answerable=true","AUDIT_REPORTS/artifacts/prompt19_3_review/review_batch_a.jsonl (query_id=EXACT-018)","","","","","","","","","",""
"EXACT-019","hy","exact_law_article","knowledge_base","current","true","dev","N 1193-Ա","expected_document_ids=c828ad1f-1d37-441b-8434-07d6155bfaf2 expected_provisions=N 1193-Ա answerable=true","AUDIT_REPORTS/artifacts/prompt19_3_review/review_batch_a.jsonl (query_id=EXACT-019)","","","","","","","","","",""
"EXACT-020","hy","exact_law_article","knowledge_base","current","true","dev","N 1009-Ա","expected_document_ids=c8584bf6-37d7-43e4-85fd-17ab9393bcbb expected_provisions=N 1009-Ա answerable=true","AUDIT_REPORTS/artifacts/prompt19_3_review/review_batch_a.jsonl (query_id=EXACT-020)","","","","","","","","","",""
"EXACT-021","hy","exact_law_article","knowledge_base","current","true","dev","N 1161-Ա","expected_document_ids=c9ab9d68-ed9a-4a6a-b2b7-ea0b5d1bfd4f expected_provisions=N 1161-Ա answerable=true","AUDIT_REPORTS/artifacts/prompt19_3_review/review_batch_a.jsonl (query_id=EXACT-021)","","","","","","","","","",""
"EXACT-022","hy","exact_law_article","knowledge_base","current","true","dev","N 2319-Ա","expected_document_ids=cc9be0b3-4405-4f67-a7e3-7d5d23190d1f expected_provisions=N 2319-Ա answerable=true","AUDIT_REPORTS/artifacts/prompt19_3_review/review_batch_a.jsonl (query_id=EXACT-022)","","","","","","","","","",""
"EXACT-023","hy","exact_law_article","knowledge_base","current","true","dev","N 279-Ն","expected_document_ids=cf5fe697-8116-4c50-a8f8-fa39f8ca50dd expected_provisions=N 279-Ն answerable=true","AUDIT_REPORTS/artifacts/prompt19_3_review/review_batch_a.jsonl (query_id=EXACT-023)","","","","","","","","","",""
"EXACT-024","hy","exact_law_article","knowledge_base","current","true","dev","N 1048-Ն","expected_document_ids=cfc6f6cf-d8e8-4692-8080-381d687e81c4 expected_provisions=N 1048-Ն answerable=true","AUDIT_REPORTS/artifacts/prompt19_3_review/review_batch_a.jsonl (query_id=EXACT-024)","","","","","","","","","",""
"EXACT-025","hy","exact_law_article","knowledge_base","current","true","test","N 1070-Ա","expected_document_ids=d1085522-caa0-4551-9455-7088ee5a37bb expected_provisions=N 1070-Ա answerable=true","AUDIT_REPORTS/artifacts/prompt19_3_review/review_batch_a.jsonl (query_id=EXACT-025)","","","","","","","","","",""
"EXACT-026","hy","exact_law_article","knowledge_base","current","true","test","N 1181-Լ","expected_document_ids=d534cf37-8518-479b-b7ef-022af877ebb8 expected_provisions=N 1181-Լ answerable=true","AUDIT_REPORTS/artifacts/prompt19_3_review/review_batch_a.jsonl (query_id=EXACT-026)","","","","","","","","","",""
"EXACT-027","hy","exact_law_article","knowledge_base","current","true","test","N 1033-Ա","expected_document_ids=d665b3f4-1c25-48eb-9646-8eacf61e7aa7 expected_provisions=N 1033-Ա answerable=true","AUDIT_REPORTS/artifacts/prompt19_3_review/review_batch_a.jsonl (query_id=EXACT-027)","","","","","","","","","",""
"EXACT-028","hy","exact_law_article","knowledge_base","current","true","test","N 489-Ն","expected_document_ids=db0d8186-e67e-4671-875f-d51d377aefa8 expected_provisions=N 489-Ն answerable=true","AUDIT_REPORTS/artifacts/prompt19_3_review/review_batch_a.jsonl (query_id=EXACT-028)","","","","","","","","","",""
"EXACT-029","hy","exact_law_article","knowledge_base","current","true","test","N 1089-Ա","expected_document_ids=db9c4d6e-8335-4c7c-bf8a-7e65ed9a9423 expected_provisions=N 1089-Ա answerable=true","AUDIT_REPORTS/artifacts/prompt19_3_review/review_batch_a.jsonl (query_id=EXACT-029)","","","","","","","","","",""
"EXACT-030","hy","exact_law_article","knowledge_base","current","true","test","N 482-Ա","expected_document_ids=dcf835ce-e640-46b7-a617-8e850ae52f78 expected_provisions=N 482-Ա answerable=true","AUDIT_REPORTS/artifacts/prompt19_3_review/review_batch_a.jsonl (query_id=EXACT-030)","","","","","","","","","",""
"RU-HY-001","ru","russian_to_armenian","knowledge_base","current","true","train","N 1008-Ա","expected_document_ids=e07ad0e0-10a8-4211-9acd-4bb5f3869ecc expected_provisions=N 1008-Ա answerable=true","AUDIT_REPORTS/artifacts/prompt19_3_review/review_batch_a.jsonl (query_id=RU-HY-001)","","","","","","","","","",""
"RU-HY-002","ru","russian_to_armenian","knowledge_base","current","true","train","N 1027-Լ","expected_document_ids=e147cb40-d8c0-43f2-81a5-14e6540b12a8 expected_provisions=N 1027-Լ answerable=true","AUDIT_REPORTS/artifacts/prompt19_3_review/review_batch_a.jsonl (query_id=RU-HY-002)","","","","","","","","","",""
"RU-HY-003","ru","russian_to_armenian","knowledge_base","current","true","train","N 1104-Ա","expected_document_ids=e410e496-deef-4c2f-b1f7-2b5d10556eaa expected_provisions=N 1104-Ա answerable=true","AUDIT_REPORTS/artifacts/prompt19_3_review/review_batch_a.jsonl (query_id=RU-HY-003)","","","","","","","","","",""
"RU-HY-004","ru","russian_to_armenian","knowledge_base","current","true","train","N 1060-Ա","expected_document_ids=e4e9d8b6-4f6b-4426-b81e-0f12975c890d expected_provisions=N 1060-Ա answerable=true","AUDIT_REPORTS/artifacts/prompt19_3_review/review_batch_a.jsonl (query_id=RU-HY-004)","","","","","","","","","",""
"RU-HY-005","ru","russian_to_armenian","knowledge_base","current","true","train","թիվ 128","expected_document_ids=e5958ea2-6c0b-4f73-a304-ce1031c4d20a expected_provisions=թիվ 128 answerable=true","AUDIT_REPORTS/artifacts/prompt19_3_review/review_batch_a.jsonl (query_id=RU-HY-005)","","","","","","","","","",""
"RU-HY-006","ru","russian_to_armenian","knowledge_base","current","true","train","N 2356-Ա","expected_document_ids=e5c9a098-70f5-486b-b6b2-31f73a453215 expected_provisions=N 2356-Ա answerable=true","AUDIT_REPORTS/artifacts/prompt19_3_review/review_batch_a.jsonl (query_id=RU-HY-006)","","","","","","","","","",""
"RU-HY-007","ru","russian_to_armenian","knowledge_base","current","true","train","N 2072-Ա","expected_document_ids=e60db4c6-d281-4bac-a4ce-3812c34ea6da expected_provisions=N 2072-Ա answerable=true","AUDIT_REPORTS/artifacts/prompt19_3_review/review_batch_a.jsonl (query_id=RU-HY-007)","","","","","","","","","",""
"RU-HY-008","ru","russian_to_armenian","knowledge_base","current","true","train","N 1023-Ա","expected_document_ids=e892cb89-41a9-450f-a532-22334ff6ed06 expected_provisions=N 1023-Ա answerable=true","AUDIT_REPORTS/artifacts/prompt19_3_review/review_batch_a.jsonl (query_id=RU-HY-008)","","","","","","","","","",""
"RU-HY-009","ru","russian_to_armenian","knowledge_base","current","true","train","N 835-Ն","expected_document_ids=e93380cc-a4c3-4638-a7ba-47f61553244f expected_provisions=N 835-Ն answerable=true","AUDIT_REPORTS/artifacts/prompt19_3_review/review_batch_a.jsonl (query_id=RU-HY-009)","","","","","","","","","",""
"RU-HY-010","ru","russian_to_armenian","knowledge_base","current","true","train","N 2322 -Ա","expected_document_ids=ed32a0e5-cade-4d62-9d8a-adac009dd7d8 expected_provisions=N 2322 -Ա answerable=true","AUDIT_REPORTS/artifacts/prompt19_3_review/review_batch_a.jsonl (query_id=RU-HY-010)","","","","","","","","","",""
"RU-HY-011","ru","russian_to_armenian","knowledge_base","current","true","train","N 2068-Ա","expected_document_ids=ed4798a5-9597-482b-ab02-70a27926f181 expected_provisions=N 2068-Ա answerable=true","AUDIT_REPORTS/artifacts/prompt19_3_review/review_batch_a.jsonl (query_id=RU-HY-011)","","","","","","","","","",""
"RU-HY-012","ru","russian_to_armenian","knowledge_base","current","true","train","N 2366-Ա","expected_document_ids=f20bb138-7d68-47b7-970a-5b529fbde9c8 expected_provisions=N 2366-Ա answerable=true","AUDIT_REPORTS/artifacts/prompt19_3_review/review_batch_a.jsonl (query_id=RU-HY-012)","","","","","","","","","",""
"RU-HY-013","ru","russian_to_armenian","knowledge_base","current","true","train","N 2340-Ա","expected_document_ids=f2fe0756-74c7-46ae-a323-af3b28868483 expected_provisions=N 2340-Ա answerable=true","AUDIT_REPORTS/artifacts/prompt19_3_review/review_batch_a.jsonl (query_id=RU-HY-013)","","","","","","","","","",""
"RU-HY-014","ru","russian_to_armenian","knowledge_base","current","true","train","N 975-Ն","expected_document_ids=f60c39b2-4084-4267-8152-15bb22577c24 expected_provisions=N 975-Ն answerable=true","AUDIT_REPORTS/artifacts/prompt19_3_review/review_batch_a.jsonl (query_id=RU-HY-014)","","","","","","","","","",""
"RU-HY-015","ru","russian_to_armenian","knowledge_base","current","true","train","N 1077-Ն","expected_document_ids=f99b6619-b28c-4da6-ad6a-8b4df1d257a4 expected_provisions=N 1077-Ն answerable=true","AUDIT_REPORTS/artifacts/prompt19_3_review/review_batch_a.jsonl (query_id=RU-HY-015)","","","","","","","","","",""
"RU-HY-016","ru","russian_to_armenian","knowledge_base","current","true","dev","N 1125-Ն","expected_document_ids=faa04ef2-d6c9-47da-a9ec-21758f37807c expected_provisions=N 1125-Ն answerable=true","AUDIT_REPORTS/artifacts/prompt19_3_review/review_batch_a.jsonl (query_id=RU-HY-016)","","","","","","","","","",""
"RU-HY-017","ru","russian_to_armenian","knowledge_base","current","true","dev","N 997-Լ","expected_document_ids=fd47ec3c-ce52-4d90-8ea2-231e007c5550 expected_provisions=N 997-Լ answerable=true","AUDIT_REPORTS/artifacts/prompt19_3_review/review_batch_a.jsonl (query_id=RU-HY-017)","","","","","","","","","",""
"RU-HY-018","ru","russian_to_armenian","knowledge_base","current","true","dev","N 2357-Ա","expected_document_ids=fd90999b-9bb3-44ae-9e0b-6bbe116d7f91 expected_provisions=N 2357-Ա answerable=true","AUDIT_REPORTS/artifacts/prompt19_3_review/review_batch_a.jsonl (query_id=RU-HY-018)","","","","","","","","","",""
"RU-HY-019","ru","russian_to_armenian","knowledge_base","current","true","dev","N 1054-Ա","expected_document_ids=feb176a2-ed1b-4f1a-9d9c-9965fa4b20f2 expected_provisions=N 1054-Ա answerable=true","AUDIT_REPORTS/artifacts/prompt19_3_review/review_batch_a.jsonl (query_id=RU-HY-019)","","","","","","","","","",""
"RU-HY-020","ru","russian_to_armenian","knowledge_base","current","true","dev","ARLIS DocID 16834","expected_document_ids=0159e4b5-af01-4ec0-a9d6-1f43f88ac7ca expected_provisions=ARLIS DocID 16834 answerable=true","AUDIT_REPORTS/artifacts/prompt19_3_review/review_batch_a.jsonl (query_id=RU-HY-020)","","","","","","","","","",""
"RU-HY-021","ru","russian_to_armenian","knowledge_base","current","true","test","ARLIS DocID 20918","expected_document_ids=0211b1ab-4936-48d9-a8d3-ebb8f2a01d1a expected_provisions=ARLIS DocID 20918 answerable=true","AUDIT_REPORTS/artifacts/prompt19_3_review/review_batch_a.jsonl (query_id=RU-HY-021)","","","","","","","","","",""
"RU-HY-022","ru","russian_to_armenian","knowledge_base","current","true","test","ARLIS DocID 21027","expected_document_ids=02beebff-4b4f-436b-9a3b-9363bbf5890a expected_provisions=ARLIS DocID 21027 answerable=true","AUDIT_REPORTS/artifacts/prompt19_3_review/review_batch_a.jsonl (query_id=RU-HY-022)","","","","","","","","","",""
"RU-HY-023","ru","russian_to_armenian","knowledge_base","current","true","test","ARLIS DocID 21036","expected_document_ids=032cfd02-c8bb-4150-84ac-b5d135977bf8 expected_provisions=ARLIS DocID 21036 answerable=true","AUDIT_REPORTS/artifacts/prompt19_3_review/review_batch_a.jsonl (query_id=RU-HY-023)","","","","","","","","","",""
"RU-HY-024","ru","russian_to_armenian","knowledge_base","current","true","test","ARLIS DocID 20890","expected_document_ids=0582fa52-de1a-4e58-869d-3e471d3b5a1e expected_provisions=ARLIS DocID 20890 answerable=true","AUDIT_REPORTS/artifacts/prompt19_3_review/review_batch_a.jsonl (query_id=RU-HY-024)","","","","","","","","","",""
"RU-HY-025","ru","russian_to_armenian","knowledge_base","current","true","test","ARLIS DocID 20913","expected_document_ids=08975f30-2469-4f11-8496-57215cd8443c expected_provisions=ARLIS DocID 20913 answerable=true","AUDIT_REPORTS/artifacts/prompt19_3_review/review_batch_a.jsonl (query_id=RU-HY-025)","","","","","","","","","",""
"CASE-001","hy","name_date_case_number","practice","current","true","train","","expected_document_ids=0e1c4fdd-0cf6-4bb7-af32-5fc0db6f3e9b expected_provisions= answerable=true","AUDIT_REPORTS/artifacts/prompt19_3_review/review_batch_a.jsonl (query_id=CASE-001)","","","","","","","","","",""
"CASE-002","hy","name_date_case_number","practice","current","true","train","","expected_document_ids=0f30cf76-156f-4aae-b371-97dadc12dad8 expected_provisions= answerable=true","AUDIT_REPORTS/artifacts/prompt19_3_review/review_batch_a.jsonl (query_id=CASE-002)","","","","","","","","","",""
"CASE-003","hy","name_date_case_number","practice","current","true","train","","expected_document_ids=12f01a70-743b-46d5-a4e4-f758d60fd09d expected_provisions= answerable=true","AUDIT_REPORTS/artifacts/prompt19_3_review/review_batch_a.jsonl (query_id=CASE-003)","","","","","","","","","",""
"CASE-004","hy","name_date_case_number","practice","current","true","train","","expected_document_ids=15d086ce-4456-4741-bae0-3efa8c6abb79 expected_provisions= answerable=true","AUDIT_REPORTS/artifacts/prompt19_3_review/review_batch_a.jsonl (query_id=CASE-004)","","","","","","","","","",""
"CASE-005","hy","name_date_case_number","practice","current","true","train","","expected_document_ids=1c8e071f-46b8-4f7c-8cb0-c1efdc94c8db expected_provisions= answerable=true","AUDIT_REPORTS/artifacts/prompt19_3_review/review_batch_a.jsonl (query_id=CASE-005)","","","","","","","","","",""
"CASE-006","hy","name_date_case_number","practice","current","true","train","","expected_document_ids=1cedf332-5566-4944-a2d5-e0ac09bcf8ff expected_provisions= answerable=true","AUDIT_REPORTS/artifacts/prompt19_3_review/review_batch_a.jsonl (query_id=CASE-006)","","","","","","","","","",""
"CASE-007","hy","name_date_case_number","practice","current","true","train","","expected_document_ids=1d02233b-614b-47bd-8b14-5604c80d6e62 expected_provisions= answerable=true","AUDIT_REPORTS/artifacts/prompt19_3_review/review_batch_a.jsonl (query_id=CASE-007)","","","","","","","","","",""
"CASE-008","hy","name_date_case_number","practice","current","true","train","","expected_document_ids=1fcf9cb3-6bce-44fe-8155-25dc75bec211 expected_provisions= answerable=true","AUDIT_REPORTS/artifacts/prompt19_3_review/review_batch_a.jsonl (query_id=CASE-008)","","","","","","","","","",""
"CASE-009","hy","name_date_case_number","practice","current","true","train","","expected_document_ids=20e80cb6-62b2-4787-b5ad-07fb5f7dd917 expected_provisions= answerable=true","AUDIT_REPORTS/artifacts/prompt19_3_review/review_batch_a.jsonl (query_id=CASE-009)","","","","","","","","","",""
"CASE-010","hy","name_date_case_number","practice","current","true","train","ARLIS DocID 130173","expected_document_ids=23a84617-554c-470b-b092-66fb636b7009 expected_provisions=ARLIS DocID 130173 answerable=true","AUDIT_REPORTS/artifacts/prompt19_3_review/review_batch_a.jsonl (query_id=CASE-010)","","","","","","","","","",""
"CASE-011","hy","name_date_case_number","practice","current","true","train","","expected_document_ids=2cd5bf2d-f433-4710-b3ce-ce0cd0bf61e9 expected_provisions= answerable=true","AUDIT_REPORTS/artifacts/prompt19_3_review/review_batch_a.jsonl (query_id=CASE-011)","","","","","","","","","",""
"CASE-012","hy","name_date_case_number","practice","current","true","train","","expected_document_ids=2e4c466b-96e4-440b-bab7-b22a8e09d3d9 expected_provisions= answerable=true","AUDIT_REPORTS/artifacts/prompt19_3_review/review_batch_a.jsonl (query_id=CASE-012)","","","","","","","","","",""
"CASE-013","hy","name_date_case_number","practice","current","true","dev","","expected_document_ids=2eeb9cb4-322c-4f45-9a4f-e1fb86bcbfa6 expected_provisions= answerable=true","AUDIT_REPORTS/artifacts/prompt19_3_review/review_batch_a.jsonl (query_id=CASE-013)","","","","","","","","","",""
"CASE-014","hy","name_date_case_number","practice","current","true","dev","","expected_document_ids=3f1b792f-9879-4e74-af7f-b9d985067287 expected_provisions= answerable=true","AUDIT_REPORTS/artifacts/prompt19_3_review/review_batch_a.jsonl (query_id=CASE-014)","","","","","","","","","",""
"CASE-015","hy","name_date_case_number","practice","current","true","dev","","expected_document_ids=4278c541-412d-441a-addd-2cb65ef1db84 expected_provisions= answerable=true","AUDIT_REPORTS/artifacts/prompt19_3_review/review_batch_a.jsonl (query_id=CASE-015)","","","","","","","","","",""
"CASE-016","hy","name_date_case_number","practice","current","true","dev","","expected_document_ids=4455b90e-ad39-4fbe-9ec4-b605cc08f4fc expected_provisions= answerable=true","AUDIT_REPORTS/artifacts/prompt19_3_review/review_batch_a.jsonl (query_id=CASE-016)","","","","","","","","","",""
"CASE-017","hy","name_date_case_number","practice","current","true","test","","expected_document_ids=4465fab6-2436-4c22-9798-29222c28fae6 expected_provisions= answerable=true","AUDIT_REPORTS/artifacts/prompt19_3_review/review_batch_a.jsonl (query_id=CASE-017)","","","","","","","","","",""
"CASE-018","hy","name_date_case_number","practice","current","true","test","","expected_document_ids=467a04f6-e708-49c8-98c8-a3b897af799d expected_provisions= answerable=true","AUDIT_REPORTS/artifacts/prompt19_3_review/review_batch_a.jsonl (query_id=CASE-018)","","","","","","","","","",""
"CASE-019","hy","name_date_case_number","practice","current","true","test","","expected_document_ids=47084063-049c-4f40-8aa1-4b7957f04c12 expected_provisions= answerable=true","AUDIT_REPORTS/artifacts/prompt19_3_review/review_batch_a.jsonl (query_id=CASE-019)","","","","","","","","","",""
"CASE-020","hy","name_date_case_number","practice","current","true","test","","expected_document_ids=49b7ffcc-60fd-407c-8b48-6c045870bd49 expected_provisions= answerable=true","AUDIT_REPORTS/artifacts/prompt19_3_review/review_batch_a.jsonl (query_id=CASE-020)","","","","","","","","","",""
"HIST-001","hy","historical_law","knowledge_base","historical","true","train","ARLIS DocID 45155","expected_document_ids=00ecc9cd-ef51-44e5-8b03-963dde9e0b2d expected_provisions=ARLIS DocID 45155 answerable=true","AUDIT_REPORTS/artifacts/prompt19_3_review/review_batch_a.jsonl (query_id=HIST-001)","","","","","","","","","",""
"HIST-002","hy","historical_law","knowledge_base","historical","true","train","ARLIS DocID 16829","expected_document_ids=085628f9-4f9a-4579-8332-245ac8b7ad46 expected_provisions=ARLIS DocID 16829 answerable=true","AUDIT_REPORTS/artifacts/prompt19_3_review/review_batch_a.jsonl (query_id=HIST-002)","","","","","","","","","",""
"HIST-003","hy","historical_law","knowledge_base","historical","true","train","ARLIS DocID 16842","expected_document_ids=18e88000-331d-4b57-99a2-2a6ca1651b74 expected_provisions=ARLIS DocID 16842 answerable=true","AUDIT_REPORTS/artifacts/prompt19_3_review/review_batch_a.jsonl (query_id=HIST-003)","","","","","","","","","",""
"HIST-004","hy","historical_law","knowledge_base","historical","true","train","ARLIS DocID 33665","expected_document_ids=1924439f-60af-4628-8b19-af008948abb2 expected_provisions=ARLIS DocID 33665 answerable=true","AUDIT_REPORTS/artifacts/prompt19_3_review/review_batch_a.jsonl (query_id=HIST-004)","","","","","","","","","",""
"HIST-005","hy","historical_law","knowledge_base","historical","true","train","ARLIS DocID 16850","expected_document_ids=198b846e-6d83-4897-8aae-d8f4f0ca9591 expected_provisions=ARLIS DocID 16850 answerable=true","AUDIT_REPORTS/artifacts/prompt19_3_review/review_batch_a.jsonl (query_id=HIST-005)","","","","","","","","","",""
"HIST-006","hy","historical_law","knowledge_base","historical","true","train","ARLIS DocID 121667","expected_document_ids=223c08ef-0c50-471a-8fb6-22b9d81371cf expected_provisions=ARLIS DocID 121667 answerable=true","AUDIT_REPORTS/artifacts/prompt19_3_review/review_batch_a.jsonl (query_id=HIST-006)","","","","","","","","","",""
"HIST-007","hy","historical_law","knowledge_base","historical","true","train","ARLIS DocID 16833","expected_document_ids=232e03fd-22e6-4ed1-bb88-4aa3ad0f4318 expected_provisions=ARLIS DocID 16833 answerable=true","AUDIT_REPORTS/artifacts/prompt19_3_review/review_batch_a.jsonl (query_id=HIST-007)","","","","","","","","","",""
"HIST-008","hy","historical_law","knowledge_base","historical","true","train","ARLIS DocID 16849","expected_document_ids=23713e3b-82c9-4bf2-8dc3-2c40f7a330f8 expected_provisions=ARLIS DocID 16849 answerable=true","AUDIT_REPORTS/artifacts/prompt19_3_review/review_batch_a.jsonl (query_id=HIST-008)","","","","","","","","","",""
"HIST-009","hy","historical_law","knowledge_base","historical","true","train","ARLIS DocID 182142","expected_document_ids=27918c33-c26e-4030-8711-047f198d477d expected_provisions=ARLIS DocID 182142 answerable=true","AUDIT_REPORTS/artifacts/prompt19_3_review/review_batch_a.jsonl (query_id=HIST-009)","","","","","","","","","",""
"HIST-010","hy","historical_law","knowledge_base","historical","true","train","ARLIS DocID 180385","expected_document_ids=27f2a4dc-0209-4786-b622-e7fb56a0722d expected_provisions=ARLIS DocID 180385 answerable=true","AUDIT_REPORTS/artifacts/prompt19_3_review/review_batch_a.jsonl (query_id=HIST-010)","","","","","","","","","",""
"HIST-011","hy","historical_law","knowledge_base","historical","true","train","ARLIS DocID 16837","expected_document_ids=287d7c50-ae3f-47c5-83f9-b2f18c64a263 expected_provisions=ARLIS DocID 16837 answerable=true","AUDIT_REPORTS/artifacts/prompt19_3_review/review_batch_a.jsonl (query_id=HIST-011)","","","","","","","","","",""
"HIST-012","hy","historical_law","knowledge_base","historical","true","train","ARLIS DocID 121664","expected_document_ids=289a720a-f64c-4a8b-9020-fd63cb08d541 expected_provisions=ARLIS DocID 121664 answerable=true","AUDIT_REPORTS/artifacts/prompt19_3_review/review_batch_a.jsonl (query_id=HIST-012)","","","","","","","","","",""
"HIST-013","hy","historical_law","knowledge_base","historical","true","dev","ARLIS DocID 182064","expected_document_ids=2b9ae8c0-f6ac-464b-93a1-8334e9e676ac expected_provisions=ARLIS DocID 182064 answerable=true","AUDIT_REPORTS/artifacts/prompt19_3_review/review_batch_a.jsonl (query_id=HIST-013)","","","","","","","","","",""
"HIST-014","hy","historical_law","knowledge_base","historical","true","dev","ARLIS DocID 101941","expected_document_ids=2d934a2d-5ae2-45d2-a39d-5d3a6ffa2ffe expected_provisions=ARLIS DocID 101941 answerable=true","AUDIT_REPORTS/artifacts/prompt19_3_review/review_batch_a.jsonl (query_id=HIST-014)","","","","","","","","","",""
"HIST-015","hy","historical_law","knowledge_base","historical","true","dev","ARLIS DocID 182120","expected_document_ids=2f3d5c25-09b0-41d3-9f52-36308b9dc400 expected_provisions=ARLIS DocID 182120 answerable=true","AUDIT_REPORTS/artifacts/prompt19_3_review/review_batch_a.jsonl (query_id=HIST-015)","","","","","","","","","",""
"HIST-016","hy","historical_law","knowledge_base","historical","true","dev","ARLIS DocID 180204","expected_document_ids=3290b1d9-777a-44fd-88df-2ab84dbdd369 expected_provisions=ARLIS DocID 180204 answerable=true","AUDIT_REPORTS/artifacts/prompt19_3_review/review_batch_a.jsonl (query_id=HIST-016)","","","","","","","","","",""
"HIST-017","hy","historical_law","knowledge_base","historical","true","test","ARLIS DocID 16836","expected_document_ids=357159e2-f0ca-44c3-9081-700ad81ecb9a expected_provisions=ARLIS DocID 16836 answerable=true","AUDIT_REPORTS/artifacts/prompt19_3_review/review_batch_a.jsonl (query_id=HIST-017)","","","","","","","","","",""
"HIST-018","hy","historical_law","knowledge_base","historical","true","test","ARLIS DocID 182159","expected_document_ids=366d30f0-05e3-40f8-8475-26f544b45ec5 expected_provisions=ARLIS DocID 182159 answerable=true","AUDIT_REPORTS/artifacts/prompt19_3_review/review_batch_a.jsonl (query_id=HIST-018)","","","","","","","","","",""
"HIST-019","hy","historical_law","knowledge_base","historical","true","test","ARLIS DocID 182171","expected_document_ids=36a78f0f-661f-4622-b9db-d43c8265e295 expected_provisions=ARLIS DocID 182171 answerable=true","AUDIT_REPORTS/artifacts/prompt19_3_review/review_batch_a.jsonl (query_id=HIST-019)","","","","","","","","","",""
"HIST-020","hy","historical_law","knowledge_base","historical","true","test","ARLIS DocID 182423","expected_document_ids=38140531-f046-4fd6-ad02-2d4858b9270c expected_provisions=ARLIS DocID 182423 answerable=true","AUDIT_REPORTS/artifacts/prompt19_3_review/review_batch_a.jsonl (query_id=HIST-020)","","","","","","","","","",""
"CONFLICT-001","hy","active_vs_repealed","knowledge_base","current","true","train","թիվ 168","expected_document_ids=722501e5-cdf9-449b-9f1a-7e08465c1873 expected_provisions=թիվ 168 answerable=true","AUDIT_REPORTS/artifacts/prompt19_3_review/review_batch_a.jsonl (query_id=CONFLICT-001)","","","","","","","","","",""
"CONFLICT-002","hy","active_vs_repealed","knowledge_base","current","true","train","N 939-Ա","expected_document_ids=c2d5a82b-0d28-49bb-92c2-ae72494240a3 expected_provisions=N 939-Ա answerable=true","AUDIT_REPORTS/artifacts/prompt19_3_review/review_batch_a.jsonl (query_id=CONFLICT-002)","","","","","","","","","",""
"CONFLICT-003","hy","active_vs_repealed","knowledge_base","current","true","train","N 1183-Ն","expected_document_ids=41c85416-05ea-4579-b3ff-973809567f05 expected_provisions=N 1183-Ն answerable=true","AUDIT_REPORTS/artifacts/prompt19_3_review/review_batch_a.jsonl (query_id=CONFLICT-003)","","","","","","","","","",""
"CONFLICT-004","hy","active_vs_repealed","knowledge_base","current","true","train","N 1509-Ն","expected_document_ids=e407bd43-0553-41ae-8421-1d054122fb0c expected_provisions=N 1509-Ն answerable=true","AUDIT_REPORTS/artifacts/prompt19_3_review/review_batch_a.jsonl (query_id=CONFLICT-004)","","","","","","","","","",""
"CONFLICT-005","hy","active_vs_repealed","knowledge_base","current","true","train","N 570-Ն","expected_document_ids=2d2ba67d-b76c-4b2f-a7a7-5356a899170f expected_provisions=N 570-Ն answerable=true","AUDIT_REPORTS/artifacts/prompt19_3_review/review_batch_a.jsonl (query_id=CONFLICT-005)","","","","","","","","","",""
"CONFLICT-006","hy","active_vs_repealed","knowledge_base","current","true","train","N 110-Ա","expected_document_ids=1721204e-386a-4fd2-9652-72c6536c4356 expected_provisions=N 110-Ա answerable=true","AUDIT_REPORTS/artifacts/prompt19_3_review/review_batch_a.jsonl (query_id=CONFLICT-006)","","","","","","","","","",""
"CONFLICT-007","hy","active_vs_repealed","knowledge_base","current","true","train","N 586-Ա","expected_document_ids=12618cdd-0178-45bf-af35-8380e9d16eb5 expected_provisions=N 586-Ա answerable=true","AUDIT_REPORTS/artifacts/prompt19_3_review/review_batch_a.jsonl (query_id=CONFLICT-007)","","","","","","","","","",""
"CONFLICT-008","hy","active_vs_repealed","knowledge_base","current","true","train","N 153","expected_document_ids=67646792-f620-425c-9984-666610dcc2ce expected_provisions=N 153 answerable=true","AUDIT_REPORTS/artifacts/prompt19_3_review/review_batch_a.jsonl (query_id=CONFLICT-008)","","","","","","","","","",""
"CONFLICT-009","hy","active_vs_repealed","knowledge_base","current","true","train","N 1994-Ն","expected_document_ids=bbfbd452-a58a-4702-8787-e2e0fb108338 expected_provisions=N 1994-Ն answerable=true","AUDIT_REPORTS/artifacts/prompt19_3_review/review_batch_a.jsonl (query_id=CONFLICT-009)","","","","","","","","","",""
"CONFLICT-010","hy","active_vs_repealed","knowledge_base","current","true","train","N 585-Ա","expected_document_ids=25a18284-cb64-4e81-95fa-a937c511717e expected_provisions=N 585-Ա answerable=true","AUDIT_REPORTS/artifacts/prompt19_3_review/review_batch_a.jsonl (query_id=CONFLICT-010)","","","","","","","","","",""
"CONFLICT-011","hy","active_vs_repealed","knowledge_base","current","true","train","N 752-Ն","expected_document_ids=f12a3e30-e3eb-4cf9-ac97-343b01a93e8f expected_provisions=N 752-Ն answerable=true","AUDIT_REPORTS/artifacts/prompt19_3_review/review_batch_a.jsonl (query_id=CONFLICT-011)","","","","","","","","","",""
"CONFLICT-012","hy","active_vs_repealed","knowledge_base","current","true","train","N 647-Ն","expected_document_ids=8d011ce7-86ec-46e3-a703-0e3e82fab299 expected_provisions=N 647-Ն answerable=true","AUDIT_REPORTS/artifacts/prompt19_3_review/review_batch_a.jsonl (query_id=CONFLICT-012)","","","","","","","","","",""
"CONFLICT-013","hy","active_vs_repealed","knowledge_base","current","true","dev","N 184-Ն","expected_document_ids=bf3b150f-51b3-454f-99fc-55c689832e38 expected_provisions=N 184-Ն answerable=true","AUDIT_REPORTS/artifacts/prompt19_3_review/review_batch_a.jsonl (query_id=CONFLICT-013)","","","","","","","","","",""
"CONFLICT-014","hy","active_vs_repealed","knowledge_base","current","true","dev","N 342-Ն","expected_document_ids=dfbd6d4f-7e18-42fa-a4e6-623259faaeae expected_provisions=N 342-Ն answerable=true","AUDIT_REPORTS/artifacts/prompt19_3_review/review_batch_a.jsonl (query_id=CONFLICT-014)","","","","","","","","","",""
"CONFLICT-015","hy","active_vs_repealed","knowledge_base","current","true","dev","թիվ 67","expected_document_ids=9443abdf-23bc-4236-a556-66e3c2a18b4c expected_provisions=թիվ 67 answerable=true","AUDIT_REPORTS/artifacts/prompt19_3_review/review_batch_a.jsonl (query_id=CONFLICT-015)","","","","","","","","","",""
"CONFLICT-016","hy","active_vs_repealed","knowledge_base","current","true","dev","թիվ 66","expected_document_ids=ac55bb73-91b0-4814-9a85-7e14bdcea81f expected_provisions=թիվ 66 answerable=true","AUDIT_REPORTS/artifacts/prompt19_3_review/review_batch_a.jsonl (query_id=CONFLICT-016)","","","","","","","","","",""
"CONFLICT-017","hy","active_vs_repealed","knowledge_base","current","true","test","N 592-Ն","expected_document_ids=34029137-3829-4d8c-8430-91989c696796 expected_provisions=N 592-Ն answerable=true","AUDIT_REPORTS/artifacts/prompt19_3_review/review_batch_a.jsonl (query_id=CONFLICT-017)","","","","","","","","","",""
"CONFLICT-018","hy","active_vs_repealed","knowledge_base","current","true","test","N 132","expected_document_ids=65b3e657-e425-4285-8856-8b0dda1246d1 expected_provisions=N 132 answerable=true","AUDIT_REPORTS/artifacts/prompt19_3_review/review_batch_a.jsonl (query_id=CONFLICT-018)","","","","","","","","","",""
"CONFLICT-019","hy","active_vs_repealed","knowledge_base","current","true","test","թիվ 1-Ն","expected_document_ids=0ec997c0-2e97-4b1e-ae01-c71200877797 expected_provisions=թիվ 1-Ն answerable=true","AUDIT_REPORTS/artifacts/prompt19_3_review/review_batch_a.jsonl (query_id=CONFLICT-019)","","","","","","","","","",""
"CONFLICT-020","hy","active_vs_repealed","knowledge_base","current","true","test","N 4-Ն","expected_document_ids=efe0cdf3-0f9c-40f2-b8e7-3e834c56816a expected_provisions=N 4-Ն answerable=true","AUDIT_REPORTS/artifacts/prompt19_3_review/review_batch_a.jsonl (query_id=CONFLICT-020)","","","","","","","","","",""
"UNKNOWN-001","hy","unknown_status_discovery","knowledge_base","extended","true","train","ARLIS DocID 198438","expected_document_ids=02806b88-ad30-48e4-9aa9-1b90617af48b expected_provisions=ARLIS DocID 198438 answerable=true","AUDIT_REPORTS/artifacts/prompt19_3_review/review_batch_a.jsonl (query_id=UNKNOWN-001)","","","","","","","","","",""
"UNKNOWN-002","hy","unknown_status_discovery","knowledge_base","extended","true","train","ARLIS DocID 198580","expected_document_ids=0295bba1-ad67-44ac-9c1c-c7c39c395276 expected_provisions=ARLIS DocID 198580 answerable=true","AUDIT_REPORTS/artifacts/prompt19_3_review/review_batch_a.jsonl (query_id=UNKNOWN-002)","","","","","","","","","",""
"UNKNOWN-003","hy","unknown_status_discovery","knowledge_base","extended","true","train","ARLIS DocID 198993","expected_document_ids=066b262a-a27d-4c0f-b52a-06da809173a2 expected_provisions=ARLIS DocID 198993 answerable=true","AUDIT_REPORTS/artifacts/prompt19_3_review/review_batch_a.jsonl (query_id=UNKNOWN-003)","","","","","","","","","",""
"UNKNOWN-004","hy","unknown_status_discovery","knowledge_base","extended","true","train","ARLIS DocID 199018","expected_document_ids=08e7b5f6-584b-4e47-8a2e-e4aec8b38ff3 expected_provisions=ARLIS DocID 199018 answerable=true","AUDIT_REPORTS/artifacts/prompt19_3_review/review_batch_a.jsonl (query_id=UNKNOWN-004)","","","","","","","","","",""
"UNKNOWN-005","hy","unknown_status_discovery","knowledge_base","extended","true","train","ARLIS DocID 199159","expected_document_ids=0e0e7863-8cd9-4efb-a677-545d398efccb expected_provisions=ARLIS DocID 199159 answerable=true","AUDIT_REPORTS/artifacts/prompt19_3_review/review_batch_a.jsonl (query_id=UNKNOWN-005)","","","","","","","","","",""
"UNKNOWN-006","hy","unknown_status_discovery","knowledge_base","extended","true","train","ARLIS DocID 187585","expected_document_ids=107ed1e6-2d20-4629-bb08-ef1d1537a5ea expected_provisions=ARLIS DocID 187585 answerable=true","AUDIT_REPORTS/artifacts/prompt19_3_review/review_batch_a.jsonl (query_id=UNKNOWN-006)","","","","","","","","","",""
"UNKNOWN-007","hy","unknown_status_discovery","knowledge_base","extended","true","train","ARLIS DocID 199000","expected_document_ids=161333d6-2a55-4ae1-bc90-68f89a9cb3e5 expected_provisions=ARLIS DocID 199000 answerable=true","AUDIT_REPORTS/artifacts/prompt19_3_review/review_batch_a.jsonl (query_id=UNKNOWN-007)","","","","","","","","","",""
"UNKNOWN-008","hy","unknown_status_discovery","knowledge_base","extended","true","train","ARLIS DocID 198996","expected_document_ids=1dee696d-8abc-4105-a80c-39701164dc8e expected_provisions=ARLIS DocID 198996 answerable=true","AUDIT_REPORTS/artifacts/prompt19_3_review/review_batch_a.jsonl (query_id=UNKNOWN-008)","","","","","","","","","",""
"UNKNOWN-009","hy","unknown_status_discovery","knowledge_base","extended","true","train","ARLIS DocID 198999","expected_document_ids=2269d673-0a10-43c8-be43-b1490b5219c1 expected_provisions=ARLIS DocID 198999 answerable=true","AUDIT_REPORTS/artifacts/prompt19_3_review/review_batch_a.jsonl (query_id=UNKNOWN-009)","","","","","","","","","",""
"UNKNOWN-010","hy","unknown_status_discovery","knowledge_base","extended","true","train","ARLIS DocID 198914","expected_document_ids=26d19771-3b2e-4d59-9ad4-a9eaacc476eb expected_provisions=ARLIS DocID 198914 answerable=true","AUDIT_REPORTS/artifacts/prompt19_3_review/review_batch_a.jsonl (query_id=UNKNOWN-010)","","","","","","","","","",""
"UNKNOWN-011","hy","unknown_status_discovery","knowledge_base","extended","true","train","ARLIS DocID 199069","expected_document_ids=2a1ef3c5-8f32-4b38-92cc-490b89b90f13 expected_provisions=ARLIS DocID 199069 answerable=true","AUDIT_REPORTS/artifacts/prompt19_3_review/review_batch_a.jsonl (query_id=UNKNOWN-011)","","","","","","","","","",""
"UNKNOWN-012","hy","unknown_status_discovery","knowledge_base","extended","true","train","ARLIS DocID 199157","expected_document_ids=2c1a87ab-9524-4d17-bb8b-111df5cdf1ca expected_provisions=ARLIS DocID 199157 answerable=true","AUDIT_REPORTS/artifacts/prompt19_3_review/review_batch_a.jsonl (query_id=UNKNOWN-012)","","","","","","","","","",""
"UNKNOWN-013","hy","unknown_status_discovery","knowledge_base","extended","true","dev","ARLIS DocID 187698","expected_document_ids=2cae1de7-2845-4b95-a47d-9bfbe9ed64d7 expected_provisions=ARLIS DocID 187698 answerable=true","AUDIT_REPORTS/artifacts/prompt19_3_review/review_batch_a.jsonl (query_id=UNKNOWN-013)","","","","","","","","","",""
"UNKNOWN-014","hy","unknown_status_discovery","knowledge_base","extended","true","dev","ARLIS DocID 188253","expected_document_ids=30969fc5-790b-4f1d-a676-ed419d5f7f52 expected_provisions=ARLIS DocID 188253 answerable=true","AUDIT_REPORTS/artifacts/prompt19_3_review/review_batch_a.jsonl (query_id=UNKNOWN-014)","","","","","","","","","",""
"UNKNOWN-015","hy","unknown_status_discovery","knowledge_base","extended","true","dev","ARLIS DocID 187591","expected_document_ids=3801daf7-1594-4680-9a8e-17519c758852 expected_provisions=ARLIS DocID 187591 answerable=true","AUDIT_REPORTS/artifacts/prompt19_3_review/review_batch_a.jsonl (query_id=UNKNOWN-015)","","","","","","","","","",""
"UNKNOWN-016","hy","unknown_status_discovery","knowledge_base","extended","true","dev","ARLIS DocID 199116","expected_document_ids=3b0b8b69-2e53-4ed2-aa92-0131b83ae698 expected_provisions=ARLIS DocID 199116 answerable=true","AUDIT_REPORTS/artifacts/prompt19_3_review/review_batch_a.jsonl (query_id=UNKNOWN-016)","","","","","","","","","",""
"UNKNOWN-017","hy","unknown_status_discovery","knowledge_base","extended","true","test","ARLIS DocID 199155","expected_document_ids=3c90ffa4-b3ba-4be7-bfe9-a9ec7bd92956 expected_provisions=ARLIS DocID 199155 answerable=true","AUDIT_REPORTS/artifacts/prompt19_3_review/review_batch_a.jsonl (query_id=UNKNOWN-017)","","","","","","","","","",""
"UNKNOWN-018","hy","unknown_status_discovery","knowledge_base","extended","true","test","ARLIS DocID 199174","expected_document_ids=418e4160-7187-40dc-987b-60c9e81756eb expected_provisions=ARLIS DocID 199174 answerable=true","AUDIT_REPORTS/artifacts/prompt19_3_review/review_batch_a.jsonl (query_id=UNKNOWN-018)","","","","","","","","","",""
"UNKNOWN-019","hy","unknown_status_discovery","knowledge_base","extended","true","test","ARLIS DocID 187579","expected_document_ids=436550c1-1481-4edc-aec2-34d676e62eae expected_provisions=ARLIS DocID 187579 answerable=true","AUDIT_REPORTS/artifacts/prompt19_3_review/review_batch_a.jsonl (query_id=UNKNOWN-019)","","","","","","","","","",""
"UNKNOWN-020","hy","unknown_status_discovery","knowledge_base","extended","true","test","ARLIS DocID 187893","expected_document_ids=4598ea92-15bc-4b03-b534-9ecae64b1dcd expected_provisions=ARLIS DocID 187893 answerable=true","AUDIT_REPORTS/artifacts/prompt19_3_review/review_batch_a.jsonl (query_id=UNKNOWN-020)","","","","","","","","","",""
"NO-ANSWER-001","hy","no_answer","knowledge_base","current","false","train","","expected_document_ids= expected_provisions= answerable=false","AUDIT_REPORTS/artifacts/prompt19_3_review/review_batch_a.jsonl (query_id=NO-ANSWER-001)","","","","","","","","","",""
"NO-ANSWER-002","hy","no_answer","knowledge_base","current","false","train","","expected_document_ids= expected_provisions= answerable=false","AUDIT_REPORTS/artifacts/prompt19_3_review/review_batch_a.jsonl (query_id=NO-ANSWER-002)","","","","","","","","","",""
"NO-ANSWER-003","hy","no_answer","knowledge_base","current","false","train","","expected_document_ids= expected_provisions= answerable=false","AUDIT_REPORTS/artifacts/prompt19_3_review/review_batch_a.jsonl (query_id=NO-ANSWER-003)","","","","","","","","","",""
"NO-ANSWER-004","hy","no_answer","knowledge_base","current","false","train","","expected_document_ids= expected_provisions= answerable=false","AUDIT_REPORTS/artifacts/prompt19_3_review/review_batch_a.jsonl (query_id=NO-ANSWER-004)","","","","","","","","","",""
"NO-ANSWER-005","hy","no_answer","knowledge_base","current","false","train","","expected_document_ids= expected_provisions= answerable=false","AUDIT_REPORTS/artifacts/prompt19_3_review/review_batch_a.jsonl (query_id=NO-ANSWER-005)","","","","","","","","","",""
"NO-ANSWER-006","hy","no_answer","knowledge_base","current","false","train","","expected_document_ids= expected_provisions= answerable=false","AUDIT_REPORTS/artifacts/prompt19_3_review/review_batch_a.jsonl (query_id=NO-ANSWER-006)","","","","","","","","","",""
"NO-ANSWER-007","hy","no_answer","knowledge_base","current","false","train","","expected_document_ids= expected_provisions= answerable=false","AUDIT_REPORTS/artifacts/prompt19_3_review/review_batch_a.jsonl (query_id=NO-ANSWER-007)","","","","","","","","","",""
"NO-ANSWER-008","hy","no_answer","knowledge_base","current","false","train","","expected_document_ids= expected_provisions= answerable=false","AUDIT_REPORTS/artifacts/prompt19_3_review/review_batch_a.jsonl (query_id=NO-ANSWER-008)","","","","","","","","","",""
"NO-ANSWER-009","hy","no_answer","knowledge_base","current","false","train","","expected_document_ids= expected_provisions= answerable=false","AUDIT_REPORTS/artifacts/prompt19_3_review/review_batch_a.jsonl (query_id=NO-ANSWER-009)","","","","","","","","","",""
"NO-ANSWER-010","hy","no_answer","knowledge_base","current","false","train","","expected_document_ids= expected_provisions= answerable=false","AUDIT_REPORTS/artifacts/prompt19_3_review/review_batch_a.jsonl (query_id=NO-ANSWER-010)","","","","","","","","","",""
"NO-ANSWER-011","hy","no_answer","knowledge_base","current","false","train","","expected_document_ids= expected_provisions= answerable=false","AUDIT_REPORTS/artifacts/prompt19_3_review/review_batch_a.jsonl (query_id=NO-ANSWER-011)","","","","","","","","","",""
"NO-ANSWER-012","hy","no_answer","knowledge_base","current","false","train","","expected_document_ids= expected_provisions= answerable=false","AUDIT_REPORTS/artifacts/prompt19_3_review/review_batch_a.jsonl (query_id=NO-ANSWER-012)","","","","","","","","","",""
"NO-ANSWER-013","hy","no_answer","knowledge_base","current","false","train","","expected_document_ids= expected_provisions= answerable=false","AUDIT_REPORTS/artifacts/prompt19_3_review/review_batch_a.jsonl (query_id=NO-ANSWER-013)","","","","","","","","","",""
"NO-ANSWER-014","hy","no_answer","knowledge_base","current","false","train","","expected_document_ids= expected_provisions= answerable=false","AUDIT_REPORTS/artifacts/prompt19_3_review/review_batch_a.jsonl (query_id=NO-ANSWER-014)","","","","","","","","","",""
"NO-ANSWER-015","hy","no_answer","knowledge_base","current","false","train","","expected_document_ids= expected_provisions= answerable=false","AUDIT_REPORTS/artifacts/prompt19_3_review/review_batch_a.jsonl (query_id=NO-ANSWER-015)","","","","","","","","","",""
"NO-ANSWER-016","hy","no_answer","knowledge_base","current","false","dev","","expected_document_ids= expected_provisions= answerable=false","AUDIT_REPORTS/artifacts/prompt19_3_review/review_batch_a.jsonl (query_id=NO-ANSWER-016)","","","","","","","","","",""
"NO-ANSWER-017","hy","no_answer","knowledge_base","current","false","dev","","expected_document_ids= expected_provisions= answerable=false","AUDIT_REPORTS/artifacts/prompt19_3_review/review_batch_a.jsonl (query_id=NO-ANSWER-017)","","","","","","","","","",""
"NO-ANSWER-018","hy","no_answer","knowledge_base","current","false","dev","","expected_document_ids= expected_provisions= answerable=false","AUDIT_REPORTS/artifacts/prompt19_3_review/review_batch_a.jsonl (query_id=NO-ANSWER-018)","","","","","","","","","",""
"NO-ANSWER-019","hy","no_answer","knowledge_base","current","false","dev","","expected_document_ids= expected_provisions= answerable=false","AUDIT_REPORTS/artifacts/prompt19_3_review/review_batch_a.jsonl (query_id=NO-ANSWER-019)","","","","","","","","","",""
"NO-ANSWER-020","hy","no_answer","knowledge_base","current","false","dev","","expected_document_ids= expected_provisions= answerable=false","AUDIT_REPORTS/artifacts/prompt19_3_review/review_batch_a.jsonl (query_id=NO-ANSWER-020)","","","","","","","","","",""
"NO-ANSWER-021","hy","no_answer","knowledge_base","current","false","test","","expected_document_ids= expected_provisions= answerable=false","AUDIT_REPORTS/artifacts/prompt19_3_review/review_batch_a.jsonl (query_id=NO-ANSWER-021)","","","","","","","","","",""
"NO-ANSWER-022","hy","no_answer","knowledge_base","current","false","test","","expected_document_ids= expected_provisions= answerable=false","AUDIT_REPORTS/artifacts/prompt19_3_review/review_batch_a.jsonl (query_id=NO-ANSWER-022)","","","","","","","","","",""
"NO-ANSWER-023","hy","no_answer","knowledge_base","current","false","test","","expected_document_ids= expected_provisions= answerable=false","AUDIT_REPORTS/artifacts/prompt19_3_review/review_batch_a.jsonl (query_id=NO-ANSWER-023)","","","","","","","","","",""
"NO-ANSWER-024","hy","no_answer","knowledge_base","current","false","test","","expected_document_ids= expected_provisions= answerable=false","AUDIT_REPORTS/artifacts/prompt19_3_review/review_batch_a.jsonl (query_id=NO-ANSWER-024)","","","","","","","","","",""
"NO-ANSWER-025","hy","no_answer","knowledge_base","current","false","test","","expected_document_ids= expected_provisions= answerable=false","AUDIT_REPORTS/artifacts/prompt19_3_review/review_batch_a.jsonl (query_id=NO-ANSWER-025)","","","","","","","","","",""
"INJECTION-001","hy","prompt_injection_candidate","knowledge_base","current","true","train","ARLIS DocID 21009","expected_document_ids=0898d8f2-3ffd-4086-8d7c-96a8a931a3d8 expected_provisions=ARLIS DocID 21009 answerable=true","AUDIT_REPORTS/artifacts/prompt19_3_review/review_batch_a.jsonl (query_id=INJECTION-001)","","","","","","","","","",""
"INJECTION-002","hy","prompt_injection_candidate","knowledge_base","current","true","train","ARLIS DocID 20970","expected_document_ids=0975f62a-bdf1-4ac3-a446-bc9bbc72abd5 expected_provisions=ARLIS DocID 20970 answerable=true","AUDIT_REPORTS/artifacts/prompt19_3_review/review_batch_a.jsonl (query_id=INJECTION-002)","","","","","","","","","",""
"INJECTION-003","hy","prompt_injection_candidate","knowledge_base","current","true","train","ARLIS DocID 21058","expected_document_ids=0dd7efde-b236-4b0e-a000-2946f97fe38e expected_provisions=ARLIS DocID 21058 answerable=true","AUDIT_REPORTS/artifacts/prompt19_3_review/review_batch_a.jsonl (query_id=INJECTION-003)","","","","","","","","","",""
"INJECTION-004","hy","prompt_injection_candidate","knowledge_base","current","true","train","ARLIS DocID 20965","expected_document_ids=0deb2257-872b-44e2-8736-1db923857e5d expected_provisions=ARLIS DocID 20965 answerable=true","AUDIT_REPORTS/artifacts/prompt19_3_review/review_batch_a.jsonl (query_id=INJECTION-004)","","","","","","","","","",""
"INJECTION-005","hy","prompt_injection_candidate","knowledge_base","current","true","train","ARLIS DocID 20940","expected_document_ids=1146e0e9-8718-46e5-bd87-d85877d59a25 expected_provisions=ARLIS DocID 20940 answerable=true","AUDIT_REPORTS/artifacts/prompt19_3_review/review_batch_a.jsonl (query_id=INJECTION-005)","","","","","","","","","",""
"INJECTION-006","hy","prompt_injection_candidate","knowledge_base","current","true","train","ARLIS DocID 208025","expected_document_ids=12c4bacb-b22f-4c13-95b3-deace68da308 expected_provisions=ARLIS DocID 208025 answerable=true","AUDIT_REPORTS/artifacts/prompt19_3_review/review_batch_a.jsonl (query_id=INJECTION-006)","","","","","","","","","",""
"INJECTION-007","hy","prompt_injection_candidate","knowledge_base","current","true","dev","ARLIS DocID 21046","expected_document_ids=135a8b5f-03d5-4f0b-8429-464a3299aa2f expected_provisions=ARLIS DocID 21046 answerable=true","AUDIT_REPORTS/artifacts/prompt19_3_review/review_batch_a.jsonl (query_id=INJECTION-007)","","","","","","","","","",""
"INJECTION-008","hy","prompt_injection_candidate","knowledge_base","current","true","dev","ARLIS DocID 20934","expected_document_ids=15dc5135-c21a-434d-9ef4-872b9e338352 expected_provisions=ARLIS DocID 20934 answerable=true","AUDIT_REPORTS/artifacts/prompt19_3_review/review_batch_a.jsonl (query_id=INJECTION-008)","","","","","","","","","",""
"INJECTION-009","hy","prompt_injection_candidate","knowledge_base","current","true","test","ARLIS DocID 21060","expected_document_ids=16c4966f-b1df-4fbf-a30a-3d27b8853fc9 expected_provisions=ARLIS DocID 21060 answerable=true","AUDIT_REPORTS/artifacts/prompt19_3_review/review_batch_a.jsonl (query_id=INJECTION-009)","","","","","","","","","",""
"INJECTION-010","hy","prompt_injection_candidate","knowledge_base","current","true","test","ARLIS DocID 20959","expected_document_ids=1831cfd8-09c5-47eb-8033-92a77e67402f expected_provisions=ARLIS DocID 20959 answerable=true","AUDIT_REPORTS/artifacts/prompt19_3_review/review_batch_a.jsonl (query_id=INJECTION-010)","","","","","","","","","",""
"DUP-001","hy","duplicate_near_duplicate","knowledge_base","current","true","train","ARLIS DocID 182286","expected_document_ids=01bab449-8e62-4854-8194-3fd7971c947f expected_provisions=ARLIS DocID 182286 answerable=true","AUDIT_REPORTS/artifacts/prompt19_3_review/review_batch_a.jsonl (query_id=DUP-001)","","","","","","","","","",""
"DUP-002","hy","duplicate_near_duplicate","knowledge_base","current","true","train","ARLIS DocID 138866","expected_document_ids=0eda946b-16fc-4521-948e-fffb9d557032 expected_provisions=ARLIS DocID 138866 answerable=true","AUDIT_REPORTS/artifacts/prompt19_3_review/review_batch_a.jsonl (query_id=DUP-002)","","","","","","","","","",""
"DUP-003","hy","duplicate_near_duplicate","knowledge_base","current","true","train","Տեսակը Հիմնական","expected_document_ids=2bff3b52-aba5-4eb2-ab58-4ad371602544 expected_provisions=Տեսակը Հիմնական answerable=true","AUDIT_REPORTS/artifacts/prompt19_3_review/review_batch_a.jsonl (query_id=DUP-003)","","","","","","","","","",""
"DUP-004","hy","duplicate_near_duplicate","knowledge_base","current","true","train","ARLIS DocID 182137","expected_document_ids=317fed94-1203-4085-8da9-37b06bc41cbc expected_provisions=ARLIS DocID 182137 answerable=true","AUDIT_REPORTS/artifacts/prompt19_3_review/review_batch_a.jsonl (query_id=DUP-004)","","","","","","","","","",""
"DUP-005","hy","duplicate_near_duplicate","knowledge_base","current","true","train","ARLIS DocID 182163","expected_document_ids=3bcb7ddf-6636-48c5-92a3-436104d9e19b expected_provisions=ARLIS DocID 182163 answerable=true","AUDIT_REPORTS/artifacts/prompt19_3_review/review_batch_a.jsonl (query_id=DUP-005)","","","","","","","","","",""
"DUP-006","hy","duplicate_near_duplicate","knowledge_base","current","true","train","ARLIS DocID 138851","expected_document_ids=3be2f30e-6954-4674-8bf4-94bdb66e1825 expected_provisions=ARLIS DocID 138851 answerable=true","AUDIT_REPORTS/artifacts/prompt19_3_review/review_batch_a.jsonl (query_id=DUP-006)","","","","","","","","","",""
"DUP-007","hy","duplicate_near_duplicate","knowledge_base","current","true","dev","ARLIS DocID 182162","expected_document_ids=3d694077-db46-4a2c-ba4b-c3310c02b694 expected_provisions=ARLIS DocID 182162 answerable=true","AUDIT_REPORTS/artifacts/prompt19_3_review/review_batch_a.jsonl (query_id=DUP-007)","","","","","","","","","",""
"DUP-008","hy","duplicate_near_duplicate","knowledge_base","current","true","dev","ARLIS DocID 182151","expected_document_ids=47b4bd5d-0a3e-4715-b76e-e4e004814621 expected_provisions=ARLIS DocID 182151 answerable=true","AUDIT_REPORTS/artifacts/prompt19_3_review/review_batch_a.jsonl (query_id=DUP-008)","","","","","","","","","",""
"DUP-009","hy","duplicate_near_duplicate","knowledge_base","current","true","test","ARLIS DocID 167594","expected_document_ids=645f951a-9f73-408d-9785-b454d56b1c11 expected_provisions=ARLIS DocID 167594 answerable=true","AUDIT_REPORTS/artifacts/prompt19_3_review/review_batch_a.jsonl (query_id=DUP-009)","","","","","","","","","",""
"DUP-010","hy","duplicate_near_duplicate","knowledge_base","current","true","test","ARLIS DocID 138873","expected_document_ids=6f94ac8b-3144-4534-941b-44d39cdc6678 expected_provisions=ARLIS DocID 138873 answerable=true","AUDIT_REPORTS/artifacts/prompt19_3_review/review_batch_a.jsonl (query_id=DUP-010)","","","","","","","","","",""
